CODE_GENDER,FLAG_OWN_CAR,FLAG_OWN_REALTY,CNT_CHILDREN,AMT_INCOME_TOTAL,AMT_CREDIT,AMT_ANNUITY,AMT_GOODS_PRICE,REGION_POPULATION_RELATIVE,DAYS_BIRTH,DAYS_REGISTRATION,DAYS_ID_PUBLISH,FLAG_EMP_PHONE,FLAG_WORK_PHONE,FLAG_PHONE,FLAG_EMAIL,CNT_FAM_MEMBERS,REGION_RATING_CLIENT,REGION_RATING_CLIENT_W_CITY,HOUR_APPR_PROCESS_START,REG_REGION_NOT_LIVE_REGION,REG_REGION_NOT_WORK_REGION,LIVE_REGION_NOT_WORK_REGION,REG_CITY_NOT_LIVE_CITY,REG_CITY_NOT_WORK_CITY,LIVE_CITY_NOT_WORK_CITY,EXT_SOURCE_2,OBS_30_CNT_SOCIAL_CIRCLE,DEF_30_CNT_SOCIAL_CIRCLE,OBS_60_CNT_SOCIAL_CIRCLE,DEF_60_CNT_SOCIAL_CIRCLE,DAYS_LAST_PHONE_CHANGE,FLAG_DOCUMENT_3,FLAG_DOCUMENT_4,FLAG_DOCUMENT_5,FLAG_DOCUMENT_6,FLAG_DOCUMENT_8,FLAG_DOCUMENT_9,FLAG_DOCUMENT_10,FLAG_DOCUMENT_13,FLAG_DOCUMENT_14,FLAG_DOCUMENT_16,FLAG_DOCUMENT_17,FLAG_DOCUMENT_18,FLAG_DOCUMENT_20,AMT_REQ_CREDIT_BUREAU_HOUR,AMT_REQ_CREDIT_BUREAU_DAY,AMT_REQ_CREDIT_BUREAU_MON,AMT_REQ_CREDIT_BUREAU_QRT,AMT_REQ_CREDIT_BUREAU_YEAR,NAME_CONTRACT_TYPE_Cash loans,NAME_CONTRACT_TYPE_Revolving loans,NAME_TYPE_SUITE_Children,NAME_TYPE_SUITE_Family,"NAME_TYPE_SUITE_Spouse, partner",NAME_TYPE_SUITE_Unaccompanied,NAME_INCOME_TYPE_Commercial associate,NAME_INCOME_TYPE_Pensioner,NAME_INCOME_TYPE_State servant,NAME_INCOME_TYPE_Student,NAME_INCOME_TYPE_Working,NAME_EDUCATION_TYPE_Academic degree,NAME_EDUCATION_TYPE_Higher education,NAME_EDUCATION_TYPE_Incomplete higher,NAME_EDUCATION_TYPE_Lower secondary,NAME_EDUCATION_TYPE_Secondary / secondary special,NAME_FAMILY_STATUS_Civil marriage,NAME_FAMILY_STATUS_Married,NAME_FAMILY_STATUS_Separated,NAME_FAMILY_STATUS_Single / not married,NAME_FAMILY_STATUS_Widow,NAME_HOUSING_TYPE_House / apartment,NAME_HOUSING_TYPE_Office apartment,NAME_HOUSING_TYPE_With parents,WEEKDAY_APPR_PROCESS_START_FRIDAY,WEEKDAY_APPR_PROCESS_START_MONDAY,WEEKDAY_APPR_PROCESS_START_SATURDAY,WEEKDAY_APPR_PROCESS_START_SUNDAY,WEEKDAY_APPR_PROCESS_START_THURSDAY,WEEKDAY_APPR_PROCESS_START_TUESDAY,WEEKDAY_APPR_PROCESS_START_WEDNESDAY,ORGANIZATION_TYPE_Advertising,ORGANIZATION_TYPE_Agriculture,ORGANIZATION_TYPE_Bank,ORGANIZATION_TYPE_Business Entity Type 1,ORGANIZATION_TYPE_Business Entity Type 3,ORGANIZATION_TYPE_Construction,ORGANIZATION_TYPE_Electricity,ORGANIZATION_TYPE_Emergency,ORGANIZATION_TYPE_Industry: type 1,ORGANIZATION_TYPE_Industry: type 12,ORGANIZATION_TYPE_Industry: type 2,ORGANIZATION_TYPE_Industry: type 5,ORGANIZATION_TYPE_Industry: type 8,ORGANIZATION_TYPE_Industry: type 9,ORGANIZATION_TYPE_Medicine,ORGANIZATION_TYPE_Military,ORGANIZATION_TYPE_Other,ORGANIZATION_TYPE_Police,ORGANIZATION_TYPE_Postal,ORGANIZATION_TYPE_Realtor,ORGANIZATION_TYPE_Religion,ORGANIZATION_TYPE_School,ORGANIZATION_TYPE_Security Ministries,ORGANIZATION_TYPE_Self-employed,ORGANIZATION_TYPE_Services,ORGANIZATION_TYPE_Trade: type 6,ORGANIZATION_TYPE_Transport: type 1,ORGANIZATION_TYPE_Transport: type 2,ORGANIZATION_TYPE_Transport: type 3,ORGANIZATION_TYPE_University,ORGANIZATION_TYPE_XNA,BURO_DAYS_CREDIT_MEAN,BURO_DAYS_CREDIT_ENDDATE_MEAN,BURO_DAYS_CREDIT_UPDATE_MEAN,BURO_CREDIT_DAY_OVERDUE_MEAN,BURO_AMT_CREDIT_SUM_SUM,BURO_AMT_CREDIT_SUM_OVERDUE_MEAN,BURO_CREDIT_ACTIVE_Active_MEAN,BURO_CREDIT_ACTIVE_Closed_MEAN,BURO_CREDIT_ACTIVE_Sold_MEAN,BURO_CREDIT_CURRENCY_currency 4_MEAN,BURO_CREDIT_TYPE_Car loan_MEAN,BURO_CREDIT_TYPE_Consumer credit_MEAN,BURO_CREDIT_TYPE_Credit card_MEAN,BURO_CREDIT_TYPE_Loan for working capital replenishment_MEAN,BURO_CREDIT_TYPE_Microloan_MEAN,BURO_CREDIT_TYPE_Mortgage_MEAN,BURO_CREDIT_TYPE_Real estate loan_MEAN,PREV_AMT_APPLICATION_MIN,PREV_AMT_APPLICATION_MAX,PREV_AMT_APPLICATION_MEAN,PREV_AMT_CREDIT_MIN,PREV_AMT_CREDIT_MAX,PREV_AMT_CREDIT_MEAN,PREV_HOUR_APPR_PROCESS_START_MIN,PREV_HOUR_APPR_PROCESS_START_MAX,PREV_HOUR_APPR_PROCESS_START_MEAN,PREV_DAYS_DECISION_MIN,PREV_DAYS_DECISION_MAX,PREV_DAYS_DECISION_MEAN,PREV_NAME_CONTRACT_TYPE_Cash loans_MEAN,PREV_NAME_CONTRACT_TYPE_Consumer loans_MEAN,PREV_NAME_CONTRACT_TYPE_Revolving loans_MEAN,PREV_WEEKDAY_APPR_PROCESS_START_FRIDAY_MEAN,PREV_WEEKDAY_APPR_PROCESS_START_MONDAY_MEAN,PREV_WEEKDAY_APPR_PROCESS_START_SATURDAY_MEAN,PREV_WEEKDAY_APPR_PROCESS_START_SUNDAY_MEAN,PREV_WEEKDAY_APPR_PROCESS_START_THURSDAY_MEAN,PREV_WEEKDAY_APPR_PROCESS_START_TUESDAY_MEAN,PREV_WEEKDAY_APPR_PROCESS_START_WEDNESDAY_MEAN,PREV_NAME_CASH_LOAN_PURPOSE_Buying a used car_MEAN,PREV_NAME_CASH_LOAN_PURPOSE_Education_MEAN,PREV_NAME_CASH_LOAN_PURPOSE_Everyday expenses_MEAN,PREV_NAME_CASH_LOAN_PURPOSE_Medicine_MEAN,PREV_NAME_CASH_LOAN_PURPOSE_Other_MEAN,PREV_NAME_CASH_LOAN_PURPOSE_Payments on other loans_MEAN,PREV_NAME_CASH_LOAN_PURPOSE_Repairs_MEAN,PREV_NAME_CASH_LOAN_PURPOSE_Urgent needs_MEAN,PREV_NAME_CASH_LOAN_PURPOSE_Wedding / gift / holiday_MEAN,PREV_NAME_CASH_LOAN_PURPOSE_XAP_MEAN,PREV_NAME_CASH_LOAN_PURPOSE_XNA_MEAN,PREV_NAME_CONTRACT_STATUS_Approved_MEAN,PREV_NAME_CONTRACT_STATUS_Canceled_MEAN,PREV_NAME_CONTRACT_STATUS_Refused_MEAN,PREV_NAME_CONTRACT_STATUS_Unused offer_MEAN,PREV_NAME_PAYMENT_TYPE_Cash through the bank_MEAN,PREV_NAME_PAYMENT_TYPE_Cashless from the account of the employer_MEAN,PREV_NAME_PAYMENT_TYPE_XNA_MEAN,PREV_CODE_REJECT_REASON_CLIENT_MEAN,PREV_CODE_REJECT_REASON_HC_MEAN,PREV_CODE_REJECT_REASON_LIMIT_MEAN,PREV_CODE_REJECT_REASON_SCO_MEAN,PREV_CODE_REJECT_REASON_SCOFR_MEAN,PREV_CODE_REJECT_REASON_VERIF_MEAN,PREV_CODE_REJECT_REASON_XAP_MEAN,PREV_CODE_REJECT_REASON_XNA_MEAN,PREV_NAME_CLIENT_TYPE_New_MEAN,PREV_NAME_CLIENT_TYPE_Refreshed_MEAN,PREV_NAME_CLIENT_TYPE_Repeater_MEAN,PREV_NAME_CLIENT_TYPE_XNA_MEAN,PREV_NAME_GOODS_CATEGORY_Additional Service_MEAN,PREV_NAME_GOODS_CATEGORY_Audio/Video_MEAN,PREV_NAME_GOODS_CATEGORY_Clothing and Accessories_MEAN,PREV_NAME_GOODS_CATEGORY_Computers_MEAN,PREV_NAME_GOODS_CATEGORY_Construction Materials_MEAN,PREV_NAME_GOODS_CATEGORY_Consumer Electronics_MEAN,PREV_NAME_GOODS_CATEGORY_Direct Sales_MEAN,PREV_NAME_GOODS_CATEGORY_Education_MEAN,PREV_NAME_GOODS_CATEGORY_Fitness_MEAN,PREV_NAME_GOODS_CATEGORY_Furniture_MEAN,PREV_NAME_GOODS_CATEGORY_Gardening_MEAN,PREV_NAME_GOODS_CATEGORY_Medicine_MEAN,PREV_NAME_GOODS_CATEGORY_Mobile_MEAN,PREV_NAME_GOODS_CATEGORY_Photo / Cinema Equipment_MEAN,PREV_NAME_GOODS_CATEGORY_Sport and Leisure_MEAN,PREV_NAME_GOODS_CATEGORY_XNA_MEAN,PREV_NAME_PORTFOLIO_Cards_MEAN,PREV_NAME_PORTFOLIO_Cars_MEAN,PREV_NAME_PORTFOLIO_Cash_MEAN,PREV_NAME_PORTFOLIO_POS_MEAN,PREV_NAME_PORTFOLIO_XNA_MEAN,PREV_NAME_PRODUCT_TYPE_XNA_MEAN,PREV_NAME_PRODUCT_TYPE_walk-in_MEAN,PREV_NAME_PRODUCT_TYPE_x-sell_MEAN,PREV_CHANNEL_TYPE_AP+ (Cash loan)_MEAN,PREV_CHANNEL_TYPE_Car dealer_MEAN,PREV_CHANNEL_TYPE_Channel of corporate sales_MEAN,PREV_CHANNEL_TYPE_Contact center_MEAN,PREV_CHANNEL_TYPE_Country-wide_MEAN,PREV_CHANNEL_TYPE_Credit and cash offices_MEAN,PREV_CHANNEL_TYPE_Regional / Local_MEAN,PREV_CHANNEL_TYPE_Stone_MEAN,PREV_NAME_SELLER_INDUSTRY_Auto technology_MEAN,PREV_NAME_SELLER_INDUSTRY_Clothing_MEAN,PREV_NAME_SELLER_INDUSTRY_Connectivity_MEAN,PREV_NAME_SELLER_INDUSTRY_Construction_MEAN,PREV_NAME_SELLER_INDUSTRY_Consumer electronics_MEAN,PREV_NAME_SELLER_INDUSTRY_Furniture_MEAN,PREV_NAME_SELLER_INDUSTRY_MLM partners_MEAN,PREV_NAME_SELLER_INDUSTRY_XNA_MEAN,PREV_NAME_YIELD_GROUP_XNA_MEAN,PREV_NAME_YIELD_GROUP_high_MEAN,PREV_NAME_YIELD_GROUP_low_action_MEAN,PREV_NAME_YIELD_GROUP_low_normal_MEAN,PREV_NAME_YIELD_GROUP_middle_MEAN,PREV_PRODUCT_COMBINATION_Card Street_MEAN,PREV_PRODUCT_COMBINATION_Card X-Sell_MEAN,PREV_PRODUCT_COMBINATION_Cash_MEAN,PREV_PRODUCT_COMBINATION_Cash Street: high_MEAN,PREV_PRODUCT_COMBINATION_Cash Street: low_MEAN,PREV_PRODUCT_COMBINATION_Cash Street: middle_MEAN,PREV_PRODUCT_COMBINATION_Cash X-Sell: high_MEAN,PREV_PRODUCT_COMBINATION_Cash X-Sell: low_MEAN,PREV_PRODUCT_COMBINATION_Cash X-Sell: middle_MEAN,PREV_PRODUCT_COMBINATION_POS household with interest_MEAN,PREV_PRODUCT_COMBINATION_POS household without interest_MEAN,PREV_PRODUCT_COMBINATION_POS industry with interest_MEAN,PREV_PRODUCT_COMBINATION_POS industry without interest_MEAN,PREV_PRODUCT_COMBINATION_POS mobile with interest_MEAN,PREV_PRODUCT_COMBINATION_POS mobile without interest_MEAN,PREV_PRODUCT_COMBINATION_POS other with interest_MEAN,PREV_PRODUCT_COMBINATION_POS others without interest_MEAN,POS_MONTHS_BALANCE_MAX,POS_MONTHS_BALANCE_MEAN,POS_MONTHS_BALANCE_SIZE,POS_SK_DPD_MAX,POS_SK_DPD_MEAN,POS_SK_DPD_DEF_MAX,POS_SK_DPD_DEF_MEAN,POS_NAME_CONTRACT_STATUS_Active_MEAN,POS_NAME_CONTRACT_STATUS_Approved_MEAN,POS_NAME_CONTRACT_STATUS_Completed_MEAN,POS_NAME_CONTRACT_STATUS_Signed_MEAN,POS_COUNT,INSTAL_NUM_INSTALMENT_VERSION_NUNIQUE,INSTAL_DPD_MAX,INSTAL_DPD_MEAN,INSTAL_DPD_SUM,INSTAL_DBD_MAX,INSTAL_DBD_MEAN,INSTAL_DBD_SUM,INSTAL_PAYMENT_DIFF_MAX,INSTAL_PAYMENT_DIFF_MEAN,INSTAL_PAYMENT_DIFF_SUM,INSTAL_AMT_INSTALMENT_MAX,INSTAL_AMT_INSTALMENT_MEAN,INSTAL_AMT_INSTALMENT_SUM,INSTAL_AMT_PAYMENT_MIN,INSTAL_AMT_PAYMENT_MAX,INSTAL_AMT_PAYMENT_MEAN,INSTAL_AMT_PAYMENT_SUM,INSTAL_DAYS_ENTRY_PAYMENT_MAX,INSTAL_DAYS_ENTRY_PAYMENT_MEAN,INSTAL_DAYS_ENTRY_PAYMENT_SUM,INSTAL_COUNT
0,1,1,3,225000.0,675000.0,20466.0,675000.0,0.04622,-13526,-3293.0,-2476,1,0,0,0,5.0,1,1,17,0,0,0,0,1,1,0.6765763383265497,8.0,0.0,8.0,0.0,-720.0,0,0,0,0,1,0,0,0,0,1,0,0,0,0.0,0.0,0.0,0.0,0.0,1,0,0,0,0,1,1,0,0,0,0,0,0,0,0,1,0,1,0,0,0,1,0,0,0,0,0,0,0,0,1,0,0,0,0,1,0,0,0,0,0,0,0,0,0,0,0,0,0,0,0,0,0,0,0,0,0,0,0,0,0,0,-804.0,5587.5,-649.5,0.0,1239750.0,0.0,0.0,1.0,0.0,0.0,0.0,0.5,0.5,0.0,0.0,0.0,0.0,143883.0,387900.0,265891.5,143883.0,387900.0,265891.5,9,13,11.0,-439,-33,-236.0,0.0,1.0,0.0,0.0,0.0,0.0,0.0,1.0,0.0,0.0,0.0,0.0,0.0,0.0,0.0,0.0,0.0,0.0,0.0,1.0,0.0,1.0,0.0,0.0,0.0,1.0,0.0,0.0,0.0,0.0,0.0,0.0,0.0,0.0,1.0,0.0,0.5,0.0,0.5,0.0,0.0,0.0,0.0,0.0,0.5,0.0,0.0,0.0,0.0,0.5,0.0,0.0,0.0,0.0,0.0,0.0,0.0,0.0,0.0,1.0,0.0,1.0,0.0,0.0,0.0,0.0,0.0,0.0,0.0,0.0,0.0,1.0,0.0,0.0,0.0,0.5,0.0,0.5,0.0,0.0,0.0,0.0,0.0,0.5,0.5,0.0,0.0,0.0,0.0,0.0,0.0,0.0,0.0,0.0,0.0,0.0,1.0,0.0,0.0,0.0,0.0,0.0,-2,-8.066666666666666,15,0,0.0,0,0.0,1.0,0.0,0.0,0.0,15,1,0.0,0.0,0.0,12.0,5.428571428571429,76.0,0.0,0.0,0.0,20042.775,20042.775,280598.85,20042.775,20042.775,20042.775,280598.85,-18.0,-218.42857142857144,-3058.0,14
0,1,1,2,247500.0,225000.0,15034.5,225000.0,0.0105,-11409,-3698.0,-3698,1,1,1,0,4.0,3,3,12,0,0,0,0,0,0,0.1830821028755744,1.0,0.0,1.0,0.0,-262.0,1,0,0,0,0,0,0,0,0,0,0,0,0,0.0,0.0,0.0,0.0,7.0,1,0,0,0,0,1,1,0,0,0,0,0,0,0,0,1,0,1,0,0,0,1,0,0,0,0,0,0,0,0,1,0,0,0,0,0,0,0,0,0,0,0,0,0,0,0,0,0,0,0,0,0,0,0,1,0,0,0,0,0,0,0,-1434.666666666667,-582.3333333333334,-705.6666666666665,0.0,921744.0,0.0,0.6666666666666666,0.3333333333333333,0.0,0.0,0.0,1.0,0.0,0.0,0.0,0.0,0.0,0.0,225000.0,41944.25,0.0,304933.5,51105.5,9,18,12.555555555555555,-2873,-232,-980.6111111111113,0.7222222222222222,0.16666666666666666,0.1111111111111111,0.1111111111111111,0.3333333333333333,0.0,0.05555555555555555,0.1111111111111111,0.2777777777777778,0.1111111111111111,0.0,0.0,0.0,0.0,0.0,0.0,0.0,0.0,0.0,0.2777777777777778,0.6666666666666666,0.3888888888888889,0.1111111111111111,0.5,0.0,0.2222222222222222,0.0,0.7777777777777778,0.0,0.05555555555555555,0.0,0.05555555555555555,0.3888888888888889,0.0,0.5,0.0,0.1111111111111111,0.0,0.8888888888888888,0.0,0.0,0.0,0.0,0.0,0.0,0.0,0.0,0.0,0.0,0.0,0.0,0.0,0.1111111111111111,0.0,0.0,0.8888888888888888,0.1111111111111111,0.0,0.2777777777777778,0.16666666666666666,0.4444444444444444,0.6111111111111112,0.1111111111111111,0.2777777777777778,0.2777777777777778,0.0,0.0,0.2222222222222222,0.2777777777777778,0.2222222222222222,0.0,0.0,0.0,0.0,0.2222222222222222,0.0,0.05555555555555555,0.0,0.0,0.7222222222222222,0.5555555555555556,0.2777777777777778,0.0,0.05555555555555555,0.1111111111111111,0.1111111111111111,0.0,0.4444444444444444,0.1111111111111111,0.0,0.0,0.1111111111111111,0.0,0.05555555555555555,0.0,0.0,0.0,0.0,0.1111111111111111,0.05555555555555555,0.0,0.0,-9,-49.0,46,6,0.2826086956521739,6,0.2826086956521739,0.8913043478260869,0.0,0.10869565217391304,0.0,46,2,28.0,0.9177215189873418,145.0,39.0,5.139240506329113,812.0,15976.53,1143.193670886076,180624.6,72446.04,6181.777879746841,976720.9050000007,3.96,72446.04,5038.5842088607615,796096.3050000005,-259.0,-1497.9367088607596,-236674.0,158
1,0,0,0,85500.0,247500.0,10615.5,247500.0,0.025164,-19854,-8276.0,-3408,0,0,0,0,1.0,2,2,11,0,0,0,0,0,0,0.4688318422201709,3.0,1.0,3.0,0.0,-2490.0,1,0,0,0,0,0,0,0,0,0,0,0,0,0.0,0.0,0.0,0.0,1.0,1,0,0,0,0,1,0,1,0,0,0,0,0,0,0,1,0,0,0,0,1,1,0,0,0,0,0,0,0,0,1,0,0,0,0,0,0,0,0,0,0,0,0,0,0,0,0,0,0,0,0,0,0,0,0,0,0,0,0,0,0,1,-1559.111111111111,-1209.888888888889,-1249.3333333333333,0.0,833618.79,0.0,0.4444444444444444,0.5555555555555556,0.0,0.0,0.0,0.6666666666666666,0.3333333333333333,0.0,0.0,0.0,0.0,28345.5,78750.0,53547.75,28345.5,74385.0,51365.25,8,9,8.5,-2490,-1160,-1825.0,0.0,1.0,0.0,1.0,0.0,0.0,0.0,0.0,0.0,0.0,0.0,0.0,0.0,0.0,0.0,0.0,0.0,0.0,0.0,1.0,0.0,1.0,0.0,0.0,0.0,0.5,0.0,0.5,0.0,0.0,0.0,0.0,0.0,0.0,1.0,0.0,0.5,0.5,0.0,0.0,0.0,0.5,0.0,0.0,0.5,0.0,0.0,0.0,0.0,0.0,0.0,0.0,0.0,0.0,0.0,0.0,0.0,0.0,0.0,1.0,0.0,1.0,0.0,0.0,0.0,0.0,0.0,0.0,0.0,0.0,0.0,1.0,0.0,0.0,0.0,0.5,0.5,0.0,0.0,0.0,0.0,0.5,0.0,0.0,0.5,0.0,0.0,0.0,0.0,0.0,0.0,0.0,0.0,0.0,0.5,0.0,0.5,0.0,0.0,0.0,0.0,0.0,-32,-55.53846153846154,13,0,0.0,0,0.0,0.8461538461538461,0.0,0.15384615384615385,0.0,13,2,0.0,0.0,0.0,29.0,20.9,209.0,0.0,0.0,0.0,16573.365,11776.3065,117763.065,5629.41,16573.365,11776.3065,117763.065,-1001.0,-1616.9,-16169.0,10
0,1,0,0,202500.0,1546020.0,45333.0,1350000.0,0.025164,-17585,-3017.0,-1113,1,0,0,0,2.0,2,2,8,0,0,0,0,0,0,0.6538447201832579,0.0,0.0,0.0,0.0,-2311.0,1,0,0,0,0,0,0,0,0,0,0,0,0,0.0,0.0,3.0,0.0,1.0,1,0,0,0,0,1,0,0,0,0,1,0,1,0,0,0,0,1,0,0,0,1,0,0,0,1,0,0,0,0,0,0,0,0,0,0,1,0,0,0,0,0,0,0,0,0,0,0,0,0,0,0,0,0,0,0,0,0,0,0,0,0,-1514.875,-656.25,-988.5,0.0,5616135.0,0.0,0.25,0.75,0.0,0.0,0.0,0.875,0.125,0.0,0.0,0.0,0.0,31230.0,82980.0,58038.75,30861.0,102424.5,67668.75,9,13,10.75,-2311,-569,-1139.5,0.0,1.0,0.0,0.0,0.0,0.25,0.25,0.0,0.5,0.0,0.0,0.0,0.0,0.0,0.0,0.0,0.0,0.0,0.0,1.0,0.0,0.5,0.0,0.25,0.25,1.0,0.0,0.0,0.25,0.0,0.0,0.0,0.0,0.0,0.5,0.25,0.25,0.5,0.25,0.0,0.0,0.0,0.0,0.0,0.0,0.0,0.0,0.0,0.0,0.5,0.0,0.0,0.5,0.0,0.0,0.0,0.0,0.0,0.0,0.75,0.25,1.0,0.0,0.0,0.0,0.0,0.0,0.0,0.5,0.0,0.0,0.5,0.0,0.0,0.5,0.0,0.0,0.5,0.0,0.0,0.25,0.25,0.0,0.5,0.0,0.0,0.0,0.0,0.0,0.0,0.0,0.0,0.0,0.0,0.0,0.0,0.5,0.0,0.5,0.0,0.0,0.0,-15,-40.04545454545455,22,0,0.0,0,0.0,0.9545454545454546,0.0,0.045454545454545456,0.0,22,2,0.0,0.0,0.0,28.0,6.95,139.0,0.0,0.0,0.0,16315.2,7831.489500000002,156629.79000000007,3666.285,16315.2,7831.489500000002,156629.79000000007,-486.0,-1262.15,-25243.0,20
1,0,0,2,135000.0,270000.0,13500.0,270000.0,0.007273999999999998,-13638,-7760.0,-4380,1,0,0,0,4.0,2,2,16,0,0,0,0,0,0,0.40603547534616735,1.0,0.0,1.0,0.0,-568.0,0,0,0,0,0,0,0,0,0,0,0,0,0,0.0,0.0,0.0,1.0,7.0,0,1,0,0,0,1,1,0,0,0,0,0,0,0,0,1,1,0,0,0,0,1,0,0,0,0,0,1,0,0,0,0,0,0,0,0,0,0,0,0,0,0,0,0,0,0,0,0,0,0,0,0,0,0,1,0,0,0,0,0,0,0,-836.125,-184.875,-528.375,0.0,2506628.88,0.0,0.25,0.625,0.125,0.0,0.0,1.0,0.0,0.0,0.0,0.0,0.0,0.0,1125000.0,222864.5,0.0,1255680.0,252367.5,10,18,15.555555555555555,-1660,-247,-491.66666666666674,0.7777777777777778,0.2222222222222222,0.0,0.2222222222222222,0.4444444444444444,0.2222222222222222,0.1111111111111111,0.0,0.0,0.0,0.1111111111111111,0.0,0.0,0.0,0.0,0.0,0.0,0.1111111111111111,0.0,0.2222222222222222,0.5555555555555556,0.3333333333333333,0.4444444444444444,0.2222222222222222,0.0,0.4444444444444444,0.0,0.5555555555555556,0.0,0.2222222222222222,0.0,0.0,0.0,0.0,0.7777777777777778,0.0,0.1111111111111111,0.1111111111111111,0.7777777777777778,0.0,0.0,0.0,0.0,0.0,0.0,0.0,0.0,0.0,0.0,0.0,0.0,0.0,0.2222222222222222,0.0,0.0,0.7777777777777778,0.0,0.0,0.3333333333333333,0.2222222222222222,0.4444444444444444,0.6666666666666666,0.2222222222222222,0.1111111111111111,0.0,0.0,0.0,0.0,0.2222222222222222,0.7777777777777778,0.0,0.0,0.0,0.0,0.2222222222222222,0.0,0.0,0.0,0.0,0.7777777777777778,0.4444444444444444,0.2222222222222222,0.0,0.0,0.3333333333333333,0.0,0.0,0.4444444444444444,0.0,0.0,0.2222222222222222,0.0,0.0,0.1111111111111111,0.0,0.0,0.0,0.0,0.2222222222222222,0.0,0.0,0.0,-2,-25.81481481481481,27,0,0.0,0,0.0,0.925925925925926,0.0,0.07407407407407407,0.0,27,2,11.0,1.064516129032258,33.0,43.0,12.32258064516129,382.0,2350.125,462.02516129032256,14322.78,770487.885,32644.357258064512,1011975.0749999998,35.1,770487.885,32182.332096774193,997652.295,-42.0,-897.3225806451613,-27817.0,31
1,1,0,1,81000.0,327024.0,15372.0,270000.0,0.006852,-12091,-670.0,-3864,1,1,1,0,3.0,3,3,8,0,0,0,0,0,0,0.1990928981441068,16.0,0.0,16.0,0.0,0.0,1,0,0,0,0,0,0,0,0,0,0,0,0,0.0,0.0,0.0,0.0,2.0,1,0,0,0,0,1,0,0,0,0,1,0,0,0,0,1,0,1,0,0,0,1,0,0,0,0,0,0,0,0,1,0,0,0,0,0,0,0,0,0,0,0,0,0,0,0,0,0,0,0,0,0,1,0,0,0,0,0,0,0,0,0,-769.0,6557.0,-20.0,0.0,2227500.0,0.0,1.0,0.0,0.0,0.0,0.0,0.0,0.0,0.0,0.0,1.0,0.0,29475.0,35982.0,32728.5,31419.0,38358.0,34888.5,5,6,5.5,-2457,-2130,-2293.5,0.0,1.0,0.0,0.0,0.5,0.0,0.0,0.0,0.0,0.5,0.0,0.0,0.0,0.0,0.0,0.0,0.0,0.0,0.0,1.0,0.0,1.0,0.0,0.0,0.0,1.0,0.0,0.0,0.0,0.0,0.0,0.0,0.0,0.0,1.0,0.0,0.5,0.0,0.5,0.0,0.0,0.5,0.0,0.0,0.0,0.5,0.0,0.0,0.0,0.0,0.0,0.0,0.0,0.0,0.0,0.0,0.0,0.0,0.0,1.0,0.0,1.0,0.0,0.0,0.0,0.0,0.0,0.0,0.0,0.0,0.0,1.0,0.0,0.0,0.0,0.0,1.0,0.0,0.0,0.0,0.0,1.0,0.0,0.0,0.0,0.0,0.0,0.0,0.0,0.0,0.0,0.0,0.0,0.0,1.0,0.0,0.0,0.0,0.0,0.0,0.0,0.0,-62,-71.5,18,0,0.0,0,0.0,0.9444444444444444,0.0,0.05555555555555555,0.0,18,1,28.0,2.095238095238096,44.0,30.0,10.095238095238095,212.0,5882.219999999998,1400.412857142857,29408.67,5884.11,5538.919285714284,116317.305,1.89,5884.11,4138.506428571428,86908.63499999997,-1861.0,-2115.8571428571427,-44433.0,21
1,1,0,1,225000.0,1024740.0,52452.0,900000.0,0.009334,-13744,-12229.0,-454,1,0,0,1,3.0,2,2,14,0,0,0,0,0,0,0.7037410509231848,4.0,0.0,4.0,0.0,-1262.0,1,0,0,0,0,0,0,0,0,0,0,0,0,0.0,0.0,0.0,0.0,0.0,1,0,0,0,1,0,1,0,0,0,0,0,1,0,0,0,0,1,0,0,0,1,0,0,0,0,0,0,1,0,0,0,0,0,0,0,0,0,0,0,0,0,0,0,0,0,0,0,0,0,0,0,0,0,0,0,0,0,0,0,0,0,-79.0,1747.0,-13.0,0.0,5332500.0,0.0,1.0,0.0,0.0,0.0,0.0,1.0,0.0,0.0,0.0,0.0,0.0,134955.0,134955.0,134955.0,118021.5,118021.5,118021.5,18,18,18.0,-1262,-1262,-1262.0,0.0,1.0,0.0,0.0,0.0,0.0,0.0,0.0,1.0,0.0,0.0,0.0,0.0,0.0,0.0,0.0,0.0,0.0,0.0,1.0,0.0,1.0,0.0,0.0,0.0,1.0,0.0,0.0,0.0,0.0,0.0,0.0,0.0,0.0,1.0,0.0,1.0,0.0,0.0,0.0,0.0,0.0,0.0,1.0,0.0,0.0,0.0,0.0,0.0,0.0,0.0,0.0,0.0,0.0,0.0,0.0,0.0,0.0,0.0,1.0,0.0,1.0,0.0,0.0,0.0,0.0,0.0,0.0,0.0,0.0,1.0,0.0,0.0,0.0,0.0,0.0,1.0,0.0,0.0,0.0,0.0,0.0,0.0,0.0,1.0,0.0,0.0,0.0,0.0,0.0,0.0,0.0,0.0,0.0,1.0,0.0,0.0,0.0,0.0,0.0,0.0,0.0,-35,-38.0,7,0,0.0,0,0.0,0.8571428571428571,0.0,0.14285714285714285,0.0,7,1,1.0,0.16666666666666666,1.0,22.0,7.666666666666668,46.0,0.0,0.0,0.0,22165.11,22157.175,132943.05,22117.5,22165.11,22157.175,132943.05,-1103.0,-1163.5,-6981.0,6
1,0,0,0,121500.0,904500.0,38452.5,904500.0,0.014519999999999996,-22735,-509.0,-4128,0,0,1,0,2.0,2,2,8,0,0,0,0,0,0,0.4163804801673325,0.0,0.0,0.0,0.0,-2146.0,1,0,0,0,0,0,0,0,0,0,0,0,0,0.0,0.0,0.0,0.0,1.0,1,0,0,0,0,1,0,1,0,0,0,0,1,0,0,0,0,1,0,0,0,1,0,0,0,0,0,0,0,1,0,0,0,0,0,0,0,0,0,0,0,0,0,0,0,0,0,0,0,0,0,0,0,0,0,0,0,0,0,0,0,1,-1289.4,-25.6,-504.0,0.0,1001733.3,0.0,0.6,0.4,0.0,0.0,0.0,0.4,0.6,0.0,0.0,0.0,0.0,103410.0,103410.0,103410.0,23886.0,23886.0,23886.0,16,16,16.0,-2146,-2146,-2146.0,0.0,1.0,0.0,1.0,0.0,0.0,0.0,0.0,0.0,0.0,0.0,0.0,0.0,0.0,0.0,0.0,0.0,0.0,0.0,1.0,0.0,1.0,0.0,0.0,0.0,1.0,0.0,0.0,0.0,0.0,0.0,0.0,0.0,0.0,1.0,0.0,1.0,0.0,0.0,0.0,0.0,1.0,0.0,0.0,0.0,0.0,0.0,0.0,0.0,0.0,0.0,0.0,0.0,0.0,0.0,0.0,0.0,0.0,0.0,1.0,0.0,1.0,0.0,0.0,0.0,0.0,0.0,0.0,1.0,0.0,0.0,0.0,0.0,0.0,0.0,0.0,1.0,0.0,0.0,0.0,0.0,0.0,0.0,0.0,1.0,0.0,0.0,0.0,0.0,0.0,0.0,0.0,0.0,0.0,1.0,0.0,0.0,0.0,0.0,0.0,0.0,0.0,-63,-67.0,9,7,2.4444444444444446,7,2.4444444444444446,1.0,0.0,0.0,0.0,9,2,22.0,8.0,72.0,31.0,6.5555555555555545,59.0,0.0,0.0,0.0,9487.89,3287.8099999999995,29590.29,2512.8,9487.89,3287.8099999999995,29590.29,-1880.0,-1992.555555555556,-17933.0,9
1,0,1,1,144000.0,273636.0,27193.5,247500.0,0.031329,-12009,-4225.0,-4260,1,0,1,0,3.0,2,2,9,0,0,0,0,0,0,0.6097598858271455,1.0,0.0,1.0,0.0,-1750.0,1,0,0,0,0,0,0,0,0,0,0,0,0,0.0,0.0,0.0,0.0,2.0,1,0,0,0,0,1,0,0,1,0,0,0,1,0,0,0,0,1,0,0,0,0,0,1,1,0,0,0,0,0,0,0,0,0,0,0,0,0,0,0,0,0,0,0,0,0,0,1,0,0,0,0,0,0,0,0,0,0,0,0,0,0,-2253.5714285714284,-1890.2857142857144,-1592.0,0.0,1352983.905,0.0,0.0,1.0,0.0,0.0,0.0,1.0,0.0,0.0,0.0,0.0,0.0,71415.0,454500.0,236805.0,51336.0,472500.0,236112.0,9,14,12.333333333333336,-1750,-373,-937.6666666666665,0.6666666666666666,0.3333333333333333,0.0,0.3333333333333333,0.3333333333333333,0.0,0.0,0.0,0.0,0.3333333333333333,0.0,0.0,0.0,0.0,0.0,0.0,0.0,0.0,0.0,0.3333333333333333,0.6666666666666666,1.0,0.0,0.0,0.0,0.3333333333333333,0.0,0.3333333333333333,0.0,0.0,0.0,0.0,0.0,0.0,1.0,0.0,0.3333333333333333,0.3333333333333333,0.3333333333333333,0.0,0.0,0.0,0.3333333333333333,0.0,0.0,0.0,0.0,0.0,0.0,0.0,0.0,0.0,0.0,0.0,0.0,0.6666666666666666,0.0,0.0,0.6666666666666666,0.3333333333333333,0.0,0.3333333333333333,0.0,0.6666666666666666,0.0,0.0,0.0,0.3333333333333333,0.0,0.3333333333333333,0.0,0.3333333333333333,0.0,0.3333333333333333,0.0,0.0,0.0,0.0,0.0,0.6666666666666666,0.0,0.0,0.0,0.0,1.0,0.0,0.0,0.0,0.0,0.0,0.0,0.0,0.0,0.6666666666666666,0.0,0.0,0.3333333333333333,0.0,0.0,0.0,0.0,0.0,-1,-22.25,32,32,1.3125,2,0.15625,0.9375,0.0,0.0625,0.0,32,3,34.0,3.051282051282051,119.0,34.0,6.282051282051282,245.0,27144.9,-2905.043076923076,-113296.67999999993,197857.89,24942.864230769224,972771.7049999995,110.61,247498.74,27847.90730769231,1086068.385,-15.0,-713.0,-27807.0,39
1,0,1,1,67500.0,135000.0,6750.0,135000.0,0.014519999999999996,-13676,-6054.0,-4560,1,0,0,0,3.0,2,2,15,0,0,0,0,0,0,0.3478830752953438,0.0,0.0,0.0,0.0,-1896.0,0,0,0,0,0,0,0,0,0,0,0,0,0,0.0,0.0,0.0,0.0,0.0,0,1,0,0,0,1,0,0,0,0,1,0,1,0,0,0,0,1,0,0,0,1,0,0,0,1,0,0,0,0,0,0,0,0,0,0,0,0,1,0,0,0,0,0,0,0,0,0,0,0,0,0,0,0,0,0,0,0,0,0,0,0,-957.6666666666665,-358.33333333333326,-339.6666666666667,0.0,350581.5,0.0,0.6666666666666666,0.3333333333333333,0.0,0.0,0.0,0.6666666666666666,0.3333333333333333,0.0,0.0,0.0,0.0,40455.0,67500.0,53820.0,39415.5,89716.5,60420.0,10,16,12.333333333333336,-2492,-1489,-1959.0,0.3333333333333333,0.6666666666666666,0.0,0.0,0.3333333333333333,0.0,0.0,0.0,0.3333333333333333,0.3333333333333333,0.0,0.0,0.0,0.0,0.0,0.0,0.0,0.0,0.0,0.6666666666666666,0.3333333333333333,1.0,0.0,0.0,0.0,1.0,0.0,0.0,0.0,0.0,0.0,0.0,0.0,0.0,1.0,0.0,0.3333333333333333,0.0,0.6666666666666666,0.0,0.0,0.3333333333333333,0.0,0.0,0.0,0.3333333333333333,0.0,0.0,0.0,0.0,0.0,0.0,0.0,0.0,0.0,0.3333333333333333,0.0,0.0,0.3333333333333333,0.6666666666666666,0.0,0.6666666666666666,0.0,0.3333333333333333,0.0,0.0,0.0,0.0,0.6666666666666666,0.3333333333333333,0.0,0.0,0.0,0.0,0.0,0.0,0.6666666666666666,0.0,0.0,0.3333333333333333,0.0,0.3333333333333333,0.0,0.6666666666666666,0.0,0.0,0.0,0.0,0.0,0.0,0.0,0.3333333333333333,0.0,0.0,0.3333333333333333,0.3333333333333333,0.0,0.0,0.0,0.0,0.0,0.0,-24,-50.25,48,16,1.9583333333333333,16,1.9583333333333333,0.9375,0.0,0.0625,0.0,48,1,22.0,3.602941176470588,245.0,37.0,9.25,629.0,6387.120000000001,2060.049705882353,140083.38,6389.145,5808.607941176469,394985.3399999999,2.025,6389.145,3748.558235294117,254901.96,-782.0,-1490.2941176470588,-101340.0,68
1,0,0,0,117000.0,679500.0,32818.5,679500.0,0.014519999999999996,-12687,-3822.0,-4613,1,0,0,0,2.0,2,2,10,0,0,0,0,0,0,0.5539461524553225,0.0,0.0,0.0,0.0,-438.0,1,0,0,0,0,0,0,0,0,0,0,0,0,0.0,0.0,0.0,2.0,1.0,1,0,0,0,0,1,0,0,0,0,1,0,0,0,0,1,1,0,0,0,0,1,0,0,1,0,0,0,0,0,0,0,0,0,0,0,0,0,0,0,0,0,0,0,0,1,0,0,0,0,0,0,0,0,0,0,0,0,0,0,0,0,-538.5,4174.25,-222.0,0.0,2249626.5,0.0,0.5,0.5,0.0,0.0,0.0,0.5,0.25,0.0,0.0,0.25,0.0,14118.3,56695.5,35406.9,14118.3,59503.5,36810.9,8,12,10.0,-1893,-438,-1165.5,0.0,1.0,0.0,0.0,0.5,0.0,0.0,0.0,0.5,0.0,0.0,0.0,0.0,0.0,0.0,0.0,0.0,0.0,0.0,1.0,0.0,1.0,0.0,0.0,0.0,0.5,0.0,0.0,0.0,0.0,0.0,0.0,0.0,0.0,1.0,0.0,0.5,0.5,0.0,0.0,0.0,0.0,0.0,0.0,0.0,0.5,0.0,0.0,0.0,0.0,0.0,0.0,0.0,0.0,0.0,0.0,0.0,0.0,0.0,1.0,0.0,1.0,0.0,0.0,0.0,0.0,0.0,0.0,1.0,0.0,0.0,0.0,0.0,0.0,0.0,0.0,0.5,0.0,0.0,0.0,0.0,0.5,0.0,0.0,0.5,0.0,0.0,0.0,0.0,0.0,0.0,0.0,0.0,0.0,0.5,0.0,0.0,0.0,0.0,0.0,0.0,0.5,-13,-48.88888888888889,9,0,0.0,0,0.0,0.7777777777777778,0.0,0.2222222222222222,0.0,9,2,0.0,0.0,0.0,20.0,11.571428571428573,81.0,0.0,0.0,0.0,14555.34,12061.337142857143,84429.36,11644.83,14555.34,12061.337142857143,84429.36,-427.0,-1601.428571428571,-11210.0,7
0,0,0,0,220500.0,586764.0,22248.0,405000.0,0.018801,-20236,-8846.0,-3399,1,0,0,0,2.0,2,2,7,0,0,0,0,0,0,0.1944924588786477,0.0,0.0,0.0,0.0,-3070.0,1,0,0,0,0,0,0,0,0,0,0,0,0,0.0,0.0,1.0,0.0,2.0,1,0,0,0,0,1,0,0,0,0,1,0,1,0,0,0,0,1,0,0,0,1,0,0,0,0,0,0,0,1,0,0,0,0,0,0,0,0,0,0,0,0,0,0,0,1,0,0,0,0,0,0,0,0,0,0,0,0,0,0,0,0,-1839.4,-1355.2,-748.2,0.0,1075500.0,0.0,0.0,1.0,0.0,0.0,0.0,0.8,0.2,0.0,0.0,0.0,0.0,0.0,270000.0,90000.0,0.0,270000.0,94752.0,12,14,12.6,-593,-354,-413.0,0.2,0.0,0.8,0.4,0.0,0.2,0.0,0.4,0.0,0.0,0.0,0.0,0.0,0.0,0.0,0.0,0.0,0.0,0.0,0.8,0.2,0.4,0.6,0.0,0.0,0.2,0.0,0.8,0.0,0.0,0.0,0.0,0.0,0.0,1.0,0.0,0.0,0.2,0.8,0.0,0.0,0.0,0.0,0.0,0.0,0.0,0.0,0.0,0.0,0.0,0.0,0.0,0.0,0.0,0.0,1.0,0.2,0.0,0.2,0.0,0.6,0.6,0.0,0.4,0.0,0.0,0.0,0.0,0.0,1.0,0.0,0.0,0.0,0.0,0.0,0.0,0.0,0.0,0.0,1.0,0.8,0.0,0.0,0.0,0.2,0.6,0.2,0.0,0.0,0.0,0.0,0.0,0.0,0.2,0.0,0.0,0.0,0.0,0.0,0.0,0.0,0.0,-1,-27.2,25,0,0.0,0,0.0,0.96,0.0,0.04,0.0,25,3,2.0,0.11363636363636365,5.0,17.0,2.0454545454545454,90.0,0.0,0.0,0.0,17190.0,9002.248977272728,396098.955,53.55,17190.0,9002.248977272728,396098.955,-15.0,-352.20454545454544,-15497.0,44
1,0,0,0,76500.0,545040.0,19705.5,450000.0,0.031329,-17887,-4364.0,-1421,1,1,1,0,2.0,2,2,12,0,0,0,0,0,0,0.16214456766623808,2.0,0.0,2.0,0.0,-1027.0,1,0,0,0,0,0,0,0,0,0,0,0,0,0.0,0.0,0.0,1.0,1.0,1,0,0,0,0,1,0,0,0,0,1,0,0,0,0,1,0,1,0,0,0,1,0,0,0,1,0,0,0,0,0,0,0,0,0,0,0,0,0,0,0,0,0,0,0,0,0,0,0,1,0,0,0,0,0,0,0,0,0,0,0,0,-1185.7,-468.0,-476.4,0.0,1857505.5,0.0,0.3,0.7,0.0,0.0,0.0,0.9,0.1,0.0,0.0,0.0,0.0,0.0,315000.0,105000.0,0.0,451899.0,300633.0,8,13,10.333333333333334,-1026,-74,-641.3333333333334,0.6666666666666666,0.0,0.3333333333333333,0.0,0.0,0.0,0.0,0.3333333333333333,0.0,0.6666666666666666,0.0,0.0,0.0,0.0,0.0,0.0,0.0,0.0,0.0,0.3333333333333333,0.6666666666666666,0.6666666666666666,0.3333333333333333,0.0,0.0,0.3333333333333333,0.0,0.6666666666666666,0.0,0.0,0.0,0.0,0.0,0.0,1.0,0.0,0.3333333333333333,0.0,0.6666666666666666,0.0,0.0,0.0,0.0,0.0,0.0,0.0,0.0,0.0,0.0,0.0,0.0,0.0,0.0,0.0,0.0,1.0,0.3333333333333333,0.0,0.3333333333333333,0.0,0.3333333333333333,0.3333333333333333,0.3333333333333333,0.3333333333333333,0.3333333333333333,0.0,0.0,0.6666666666666666,0.0,0.0,0.0,0.0,0.0,0.0,0.0,0.0,0.0,0.0,0.0,1.0,0.6666666666666666,0.0,0.0,0.3333333333333333,0.0,0.0,0.3333333333333333,0.3333333333333333,0.0,0.3333333333333333,0.0,0.0,0.0,0.0,0.0,0.0,0.0,0.0,0.0,0.0,0.0,0.0,-14,-23.5,20,0,0.0,0,0.0,0.95,0.0,0.05,0.0,20,3,0.0,0.0,0.0,52.0,12.2,244.0,0.0,-6388.389,-127767.78,233883.99,31879.975499999986,637599.5099999998,16232.22,233883.99,38268.36449999999,765367.2899999998,-465.0,-726.2,-14524.0,20
1,1,0,0,112500.0,1288350.0,37800.0,1125000.0,0.010006000000000001,-23267,-10036.0,-5402,0,0,0,0,2.0,2,2,14,0,0,0,0,0,0,0.6895182720164211,1.0,0.0,1.0,0.0,-1132.0,1,0,0,0,0,0,0,0,0,0,0,0,0,0.0,0.0,0.0,0.0,5.0,1,0,0,0,0,1,0,1,0,0,0,0,0,0,0,1,0,1,0,0,0,1,0,0,0,0,0,0,1,0,0,0,0,0,0,0,0,0,0,0,0,0,0,0,0,0,0,0,0,0,0,0,0,0,0,0,0,0,0,0,0,1,-203.0,-111.0,-106.0,0.0,49500.0,0.0,0.0,1.0,0.0,0.0,0.0,1.0,0.0,0.0,0.0,0.0,0.0,61650.0,1561500.0,670325.625,61650.0,1561500.0,698889.9375,9,13,10.75,-2113,-245,-1095.625,0.75,0.25,0.0,0.25,0.125,0.125,0.0,0.375,0.125,0.0,0.0,0.0,0.0,0.0,0.0,0.0,0.0,0.0,0.0,0.25,0.75,0.625,0.25,0.125,0.0,0.625,0.0,0.375,0.0,0.0,0.125,0.0,0.0,0.0,0.875,0.0,0.125,0.0,0.875,0.0,0.0,0.0,0.0,0.125,0.0,0.0,0.0,0.0,0.0,0.0,0.0,0.0,0.0,0.0,0.0,0.75,0.0,0.0,0.75,0.25,0.0,0.25,0.0,0.75,0.0,0.0,0.0,0.375,0.125,0.375,0.0,0.125,0.0,0.0,0.0,0.125,0.125,0.0,0.0,0.75,0.0,0.25,0.25,0.375,0.125,0.0,0.0,0.0,0.0,0.0,0.0,0.0,0.625,0.125,0.125,0.0,0.125,0.0,0.0,0.0,0.0,0.0,-17,-40.55714285714286,70,5,0.6142857142857143,5,0.6142857142857143,0.9428571428571428,0.014285714285714284,0.042857142857142864,0.0,70,2,10.0,1.7349397590361446,144.0,29.0,9.301204819277107,772.0,39661.56,8023.3080722891555,665934.5699999997,65190.33,26312.66945783132,2183951.565,182.565,65190.33,18289.361385542168,1518016.995,-523.0,-1127.855421686747,-93612.0,83
1,0,0,0,54000.0,71955.0,7632.0,67500.0,0.010276,-19747,-5547.0,-2708,1,1,1,0,1.0,2,2,12,0,0,0,0,0,0,0.6029589789026985,8.0,0.0,8.0,0.0,-1300.0,1,0,0,0,0,0,0,0,0,0,0,0,0,0.0,0.0,0.0,0.0,2.0,1,0,0,0,0,1,0,0,0,0,1,0,0,0,0,1,0,0,0,0,1,1,0,0,0,0,0,0,1,0,0,0,0,0,0,0,0,0,0,0,0,0,0,0,0,0,0,0,0,0,0,0,0,0,0,0,0,0,0,0,0,0,-632.6666666666666,788.0,-14.0,0.0,631692.0,0.0,0.6666666666666666,0.3333333333333333,0.0,0.0,0.0,0.6666666666666666,0.3333333333333333,0.0,0.0,0.0,0.0,17311.5,67500.0,43242.0,14305.5,67500.0,41352.0,11,14,12.833333333333336,-2626,-679,-1170.3333333333333,0.5,0.5,0.0,0.16666666666666666,0.16666666666666666,0.16666666666666666,0.0,0.3333333333333333,0.0,0.16666666666666666,0.0,0.0,0.0,0.0,0.0,0.0,0.0,0.0,0.0,0.5,0.5,1.0,0.0,0.0,0.0,1.0,0.0,0.0,0.0,0.0,0.0,0.0,0.0,0.0,1.0,0.0,0.16666666666666666,0.16666666666666666,0.6666666666666666,0.0,0.0,0.16666666666666666,0.0,0.0,0.0,0.16666666666666666,0.0,0.0,0.0,0.0,0.0,0.0,0.16666666666666666,0.0,0.0,0.5,0.0,0.0,0.5,0.5,0.0,0.5,0.0,0.5,0.0,0.0,0.0,0.0,0.8333333333333334,0.0,0.0,0.16666666666666666,0.0,0.0,0.8333333333333334,0.0,0.16666666666666666,0.0,0.0,0.0,0.0,0.0,0.0,0.16666666666666666,0.8333333333333334,0.0,0.0,0.0,0.0,0.0,0.0,0.0,0.0,0.5,0.0,0.16666666666666666,0.0,0.0,0.0,0.3333333333333333,0.0,0.0,-10,-37.93617021276596,47,1,0.02127659574468085,1,0.02127659574468085,0.8936170212765957,0.0,0.10638297872340426,0.0,47,2,9.0,0.8478260869565217,39.0,39.0,5.8478260869565215,269.0,6862.905000000002,801.7620652173912,36881.055,13342.905,5424.520108695652,249527.925,14.58,13342.905,4622.758043478261,212646.87,-316.0,-1087.608695652174,-50030.0,46
0,1,1,0,135000.0,1236816.0,36162.0,1080000.0,0.018209,-20499,-10609.0,-3957,1,0,1,0,2.0,3,3,14,0,0,0,0,0,0,0.4850216057082466,0.0,0.0,0.0,0.0,-274.0,1,0,0,0,0,0,0,0,0,0,0,0,0,0.0,0.0,0.0,0.0,0.0,1,0,0,1,0,0,0,0,1,0,0,0,0,0,0,1,0,1,0,0,0,1,0,0,0,0,0,0,1,0,0,0,0,0,0,0,0,0,0,0,0,0,0,0,0,0,0,0,0,0,0,0,0,1,0,0,0,0,0,0,0,0,-1753.166666666667,-521.0,-959.5,0.0,3829599.0,0.0,0.16666666666666666,0.8333333333333334,0.0,0.0,0.0,1.0,0.0,0.0,0.0,0.0,0.0,324000.0,324000.0,324000.0,324000.0,324000.0,324000.0,9,9,9.0,-274,-274,-274.0,0.0,1.0,0.0,0.0,0.0,0.0,0.0,1.0,0.0,0.0,0.0,0.0,0.0,0.0,0.0,0.0,0.0,0.0,0.0,1.0,0.0,1.0,0.0,0.0,0.0,1.0,0.0,0.0,0.0,0.0,0.0,0.0,0.0,0.0,1.0,0.0,1.0,0.0,0.0,0.0,0.0,0.0,1.0,0.0,0.0,0.0,0.0,0.0,0.0,0.0,0.0,0.0,0.0,0.0,0.0,0.0,0.0,0.0,0.0,1.0,0.0,1.0,0.0,0.0,0.0,0.0,0.0,0.0,0.0,0.0,0.0,1.0,0.0,1.0,0.0,0.0,0.0,0.0,0.0,0.0,0.0,0.0,0.0,1.0,0.0,0.0,0.0,0.0,0.0,0.0,0.0,0.0,0.0,0.0,0.0,0.0,1.0,0.0,0.0,0.0,0.0,0.0,-3,-6.0,7,0,0.0,0,0.0,0.8571428571428571,0.0,0.14285714285714285,0.0,7,7,0.0,0.0,0.0,15.0,12.777777777777779,115.0,0.0,-14009.5,-126085.5,175938.75,40048.33,360434.97,29205.36,175938.75,54057.83,486520.47,-102.0,-180.44444444444446,-1624.0,9
1,1,1,1,135000.0,1251072.0,44937.0,1080000.0,0.009549,-15328,-7489.0,-5028,1,0,1,0,3.0,2,2,14,0,0,0,0,0,0,0.5251829457006368,0.0,0.0,0.0,0.0,-1395.0,1,0,0,0,0,0,0,0,0,0,0,0,0,0.0,0.0,0.0,0.0,5.0,1,0,0,0,0,1,1,0,0,0,0,0,0,0,0,1,1,0,0,0,0,1,0,0,0,0,0,0,1,0,0,0,0,0,0,0,0,0,0,0,0,0,0,0,0,0,0,0,0,0,0,0,0,0,0,0,0,0,0,0,0,0,-2426.0,-1697.0,-1694.0,0.0,867321.0,0.0,0.0,1.0,0.0,0.0,0.0,1.0,0.0,0.0,0.0,0.0,0.0,0.0,985500.0,389360.7,0.0,1128595.5,440939.25,9,17,12.7,-2648,-394,-913.45,0.75,0.25,0.0,0.0,0.2,0.05,0.05,0.35,0.15,0.2,0.0,0.0,0.0,0.0,0.0,0.0,0.05,0.0,0.0,0.25,0.7,0.4,0.3,0.3,0.0,0.65,0.0,0.35,0.0,0.3,0.0,0.0,0.0,0.0,0.7,0.0,0.05,0.0,0.95,0.0,0.0,0.05,0.0,0.05,0.05,0.05,0.0,0.0,0.0,0.0,0.0,0.0,0.05,0.0,0.0,0.75,0.0,0.0,0.55,0.25,0.2,0.45,0.05,0.5,0.0,0.0,0.0,0.15,0.2,0.6,0.0,0.05,0.0,0.0,0.05,0.05,0.15,0.0,0.0,0.75,0.2,0.1,0.0,0.55,0.15,0.0,0.0,0.2,0.0,0.0,0.05,0.0,0.4,0.1,0.05,0.1,0.05,0.0,0.05,0.0,0.0,0.0,-3,-45.41573033707865,89,10,0.11235955056179776,10,0.11235955056179776,0.9213483146067416,0.0,0.07865168539325842,0.0,89,4,23.0,0.6179775280898876,55.0,157.0,20.606741573033712,1834.0,23959.53,-661.710842696629,-58892.26499999999,1035303.03,49051.02943820226,4365541.620000002,3.69,1035303.03,49712.740280898885,4424433.885000002,-107.0,-1389.8089887640451,-123693.0,89
1,0,0,0,90000.0,247275.0,17586.0,225000.0,0.022625,-22652,-6967.0,-3583,0,0,0,0,1.0,2,2,9,0,0,0,0,0,0,0.5475455241642251,0.0,0.0,0.0,0.0,-433.0,1,0,0,0,0,0,0,0,0,0,0,0,0,0.0,0.0,0.0,0.0,0.0,1,0,0,0,0,1,0,1,0,0,0,0,0,0,0,1,0,0,1,0,0,0,0,0,1,0,0,0,0,0,0,0,0,0,0,0,0,0,0,0,0,0,0,0,0,0,0,0,0,0,0,0,0,0,0,0,0,0,0,0,0,1,-430.66666666666674,-136.0,-229.0,0.0,395592.48,0.0,0.3333333333333333,0.6666666666666666,0.0,0.0,0.0,1.0,0.0,0.0,0.0,0.0,0.0,0.0,454500.0,214311.375,0.0,490495.5,238694.625,9,14,11.5,-433,-20,-124.25,0.75,0.25,0.0,0.0,0.0,0.75,0.0,0.0,0.25,0.0,0.0,0.0,0.0,0.0,0.0,0.0,0.0,0.0,0.0,0.25,0.75,0.25,0.25,0.5,0.0,0.25,0.0,0.75,0.0,0.5,0.0,0.0,0.0,0.0,0.5,0.0,0.25,0.0,0.75,0.0,0.0,0.25,0.0,0.0,0.0,0.0,0.0,0.0,0.0,0.0,0.0,0.0,0.0,0.0,0.0,0.75,0.0,0.0,0.5,0.25,0.25,0.5,0.0,0.5,0.0,0.0,0.0,0.75,0.25,0.0,0.0,0.0,0.0,0.0,0.0,0.0,0.25,0.0,0.0,0.75,0.25,0.0,0.0,0.25,0.5,0.0,0.0,0.25,0.0,0.0,0.0,0.0,0.25,0.25,0.25,0.0,0.0,0.0,0.0,0.0,0.0,0.0,-2,-8.0,13,20,1.5384615384615383,0,0.0,0.9230769230769232,0.0,0.07692307692307693,0.0,13,2,27.0,2.7333333333333334,41.0,64.0,13.2,198.0,4836.51,350.691,5260.365,4893.255,4289.619000000001,64344.28499999999,56.745,4893.255,3938.928,59083.91999999999,-92.0,-267.26666666666665,-4009.0,15
0,0,1,0,315000.0,254700.0,28867.5,225000.0,0.04622,-15853,-5764.0,-4366,1,0,0,0,2.0,1,1,15,0,0,0,0,0,0,0.3995916516068309,5.0,0.0,5.0,0.0,-188.0,1,0,0,0,0,0,0,0,0,0,0,0,0,0.0,0.0,0.0,0.0,1.0,1,0,0,1,0,0,1,0,0,0,0,0,0,0,0,1,0,1,0,0,0,0,0,0,0,1,0,0,0,0,0,0,0,0,0,0,0,0,0,0,0,0,0,0,0,0,0,1,0,0,0,0,0,0,0,0,0,0,0,0,0,0,-1376.142857142857,-1093.5714285714287,-844.7142857142858,0.0,2270880.0,0.0,0.0,1.0,0.0,0.0,0.14285714285714285,0.8571428571428571,0.0,0.0,0.0,0.0,0.0,0.0,450000.0,139193.1,0.0,497520.0,145577.7,12,14,13.0,-1419,-188,-434.2,0.6,0.2,0.2,0.0,0.0,0.0,0.0,0.0,0.8,0.2,0.0,0.0,0.0,0.0,0.0,0.0,0.0,0.0,0.0,0.4,0.6,0.6,0.4,0.0,0.0,0.4,0.0,0.6,0.0,0.0,0.0,0.0,0.0,0.0,1.0,0.0,0.2,0.8,0.0,0.0,0.0,0.0,0.0,0.0,0.0,0.0,0.0,0.0,0.0,0.2,0.0,0.0,0.0,0.0,0.0,0.8,0.2,0.0,0.2,0.2,0.4,0.6,0.0,0.4,0.0,0.0,0.0,0.0,0.2,0.8,0.0,0.0,0.0,0.0,0.0,0.0,0.0,0.2,0.0,0.8,0.6,0.0,0.0,0.0,0.4,0.0,0.2,0.4,0.0,0.0,0.0,0.0,0.0,0.2,0.0,0.0,0.2,0.0,0.0,0.0,0.0,0.0,-2,-24.5,12,0,0.0,0,0.0,0.9166666666666666,0.0,0.08333333333333333,0.0,12,2,0.0,0.0,0.0,37.0,14.090909090909092,155.0,0.0,0.0,0.0,52922.34,42838.52727272727,471223.79999999993,25743.6,52922.34,42838.52727272727,471223.79999999993,-12.0,-661.6363636363636,-7278.0,11
0,1,1,2,180000.0,679500.0,27076.5,679500.0,0.031329,-12702,-6768.0,-3721,1,1,1,0,4.0,2,2,11,0,0,0,0,0,0,0.3811716599573153,1.0,0.0,1.0,0.0,-22.0,1,0,0,0,0,0,0,0,0,0,0,0,0,0.0,0.0,0.0,0.0,2.0,1,0,0,0,0,1,1,0,0,0,0,0,0,0,0,1,0,1,0,0,0,1,0,0,0,1,0,0,0,0,0,0,0,0,0,0,0,0,0,0,0,0,0,0,0,0,0,0,0,0,0,0,0,0,1,0,0,0,0,0,0,0,-1826.166666666667,-1241.1666666666667,-1115.3333333333333,0.0,2392132.68,0.0,0.16666666666666666,0.8333333333333334,0.0,0.0,0.16666666666666666,0.6666666666666666,0.16666666666666666,0.0,0.0,0.0,0.0,0.0,450000.0,102155.14285714287,0.0,592560.0,121044.85714285714,11,15,12.428571428571427,-2916,-22,-1457.571428571429,0.2857142857142857,0.7142857142857143,0.0,0.2857142857142857,0.2857142857142857,0.0,0.14285714285714285,0.0,0.14285714285714285,0.14285714285714285,0.0,0.0,0.0,0.0,0.0,0.0,0.0,0.0,0.0,0.7142857142857143,0.2857142857142857,0.7142857142857143,0.14285714285714285,0.14285714285714285,0.0,0.8571428571428571,0.0,0.14285714285714285,0.0,0.0,0.0,0.14285714285714285,0.0,0.0,0.8571428571428571,0.0,0.0,0.42857142857142855,0.5714285714285714,0.0,0.0,0.14285714285714285,0.0,0.0,0.2857142857142857,0.0,0.0,0.0,0.0,0.14285714285714285,0.0,0.0,0.14285714285714285,0.0,0.0,0.2857142857142857,0.0,0.0,0.14285714285714285,0.7142857142857143,0.14285714285714285,0.8571428571428571,0.0,0.14285714285714285,0.0,0.0,0.0,0.0,0.2857142857142857,0.2857142857142857,0.0,0.42857142857142855,0.0,0.0,0.0,0.2857142857142857,0.2857142857142857,0.14285714285714285,0.0,0.2857142857142857,0.14285714285714285,0.14285714285714285,0.0,0.2857142857142857,0.42857142857142855,0.0,0.0,0.14285714285714285,0.0,0.0,0.0,0.0,0.0,0.14285714285714285,0.14285714285714285,0.14285714285714285,0.2857142857142857,0.14285714285714285,0.0,0.0,0.0,0.0,-29,-79.0909090909091,44,12,0.2727272727272727,12,0.2727272727272727,0.9090909090909092,0.0,0.09090909090909093,0.0,44,1,30.0,1.1428571428571428,40.0,113.0,12.942857142857143,453.0,22740.165,1648.2214285714285,57687.75,22770.45,9203.316428571428,322116.075,21.825,22770.45,7555.095,264428.325,-880.0,-2259.5714285714284,-79085.0,35
0,1,0,2,477000.0,454500.0,46570.5,454500.0,0.010006000000000001,-11867,-1764.0,-4542,1,0,1,0,4.0,2,2,10,0,0,0,0,0,0,0.704633865890148,0.0,0.0,0.0,0.0,-915.0,0,0,1,0,0,0,0,0,0,0,0,0,0,0.0,0.0,1.0,0.0,1.0,1,0,0,0,0,1,1,0,0,0,0,0,1,0,0,0,0,1,0,0,0,1,0,0,0,0,0,0,0,1,0,0,0,0,0,1,0,0,0,0,0,0,0,0,0,0,0,0,0,0,0,0,0,0,0,0,0,0,0,0,0,0,-809.8571428571429,-14.857142857142858,-435.8571428571428,0.0,22046562.0,0.0,0.2857142857142857,0.7142857142857143,0.0,0.0,0.0,1.0,0.0,0.0,0.0,0.0,0.0,540000.0,540000.0,540000.0,609057.0,609057.0,609057.0,14,14,14.0,-915,-915,-915.0,1.0,0.0,0.0,0.0,0.0,0.0,0.0,1.0,0.0,0.0,0.0,0.0,0.0,0.0,0.0,0.0,0.0,0.0,0.0,0.0,1.0,1.0,0.0,0.0,0.0,1.0,0.0,0.0,0.0,0.0,0.0,0.0,0.0,0.0,1.0,0.0,1.0,0.0,0.0,0.0,0.0,0.0,0.0,0.0,0.0,0.0,0.0,0.0,0.0,0.0,0.0,0.0,0.0,0.0,0.0,1.0,0.0,0.0,1.0,0.0,0.0,0.0,1.0,0.0,1.0,0.0,0.0,0.0,0.0,0.0,0.0,0.0,0.0,0.0,0.0,0.0,0.0,0.0,0.0,1.0,0.0,0.0,0.0,0.0,1.0,0.0,0.0,0.0,0.0,0.0,1.0,0.0,0.0,0.0,0.0,0.0,0.0,0.0,0.0,0.0,0.0,0.0,-18,-24.0,13,0,0.0,0,0.0,0.9230769230769232,0.0,0.07692307692307693,0.0,13,1,0.0,0.0,0.0,12.0,5.083333333333333,61.0,0.0,0.0,0.0,62410.05,62368.64625000001,748423.7550000001,61913.205,62410.05,62368.64625000001,748423.7550000001,-561.0,-725.0833333333335,-8701.0,12
0,1,0,1,135000.0,608166.0,57874.5,585000.0,0.00496,-18723,-9267.0,-2268,1,1,1,0,3.0,2,2,16,0,1,1,0,1,1,0.6571877411105737,1.0,0.0,1.0,0.0,-1044.0,1,0,0,0,0,0,0,0,0,0,0,0,0,0.0,0.0,0.0,0.0,2.0,1,0,0,0,1,0,0,0,1,0,0,0,0,0,0,1,0,1,0,0,0,1,0,0,0,0,0,0,0,1,0,0,0,0,0,0,0,0,0,0,0,0,0,0,0,0,0,0,0,0,0,0,0,1,0,0,0,0,0,0,0,0,-742.0,1084.0,-29.0,0.0,270000.0,0.0,1.0,0.0,0.0,0.0,0.0,1.0,0.0,0.0,0.0,0.0,0.0,150030.0,450000.0,254621.25,140818.5,481185.0,260858.25,11,14,11.75,-1044,-455,-766.25,0.5,0.5,0.0,0.0,0.25,0.0,0.0,0.25,0.5,0.0,0.0,0.0,0.0,0.0,0.0,0.0,0.0,0.0,0.0,0.5,0.5,1.0,0.0,0.0,0.0,1.0,0.0,0.0,0.0,0.0,0.0,0.0,0.0,0.0,1.0,0.0,0.25,0.0,0.75,0.0,0.0,0.25,0.0,0.0,0.0,0.0,0.0,0.0,0.0,0.0,0.25,0.0,0.0,0.0,0.0,0.5,0.0,0.0,0.5,0.5,0.0,0.5,0.0,0.5,0.0,0.0,0.0,0.0,0.0,0.0,1.0,0.0,0.0,0.0,0.0,0.0,1.0,0.0,0.0,0.0,0.0,0.0,0.0,0.0,1.0,0.0,0.0,0.0,0.0,0.0,0.0,0.0,0.0,0.5,0.5,0.0,0.0,0.0,0.0,0.0,0.0,0.0,-1,-18.05128205128205,39,0,0.0,0,0.0,0.9230769230769232,0.0,0.07692307692307693,0.0,39,2,6.0,0.525,21.0,29.0,12.05,482.0,26196.48,3275.026875,131001.075,117093.96,32620.874625,1304834.985,3.735,117093.96,29345.847750000004,1173833.91,-18.0,-558.3,-22332.0,40
1,1,0,0,144000.0,1024290.0,30078.0,855000.0,0.002134,-17412,-1043.0,-947,1,0,0,0,1.0,3,3,10,0,0,0,0,0,0,0.7445946983706513,2.0,1.0,2.0,0.0,-2474.0,1,0,0,0,0,0,0,0,0,0,0,0,0,0.0,0.0,0.0,3.0,6.0,1,0,0,0,0,1,0,0,1,0,0,0,0,0,0,1,0,0,1,0,0,1,0,0,1,0,0,0,0,0,0,0,0,0,0,0,0,0,0,0,0,0,0,0,0,0,0,0,0,0,0,0,0,0,0,0,0,0,0,0,0,0,-2558.0,4017.0,-189.0,0.0,1800000.0,0.0,0.0,1.0,0.0,0.0,0.0,0.0,0.0,0.0,0.0,1.0,0.0,0.0,1350000.0,481268.86363636365,0.0,1467612.0,512485.7727272727,5,16,8.318181818181818,-2901,-67,-672.3181818181819,0.9090909090909092,0.045454545454545456,0.045454545454545456,0.0,0.045454545454545456,0.2272727272727273,0.0,0.18181818181818185,0.3636363636363637,0.18181818181818185,0.0,0.0,0.0,0.0,0.0,0.0,0.0,0.0,0.0,0.09090909090909093,0.9090909090909092,0.3181818181818182,0.3636363636363637,0.3181818181818182,0.0,0.5,0.0,0.5,0.0,0.3181818181818182,0.0,0.0,0.0,0.0,0.6818181818181818,0.0,0.0,0.0,1.0,0.0,0.0,0.0,0.0,0.0,0.0,0.0,0.0,0.0,0.0,0.0,0.0,0.0,0.0,0.0,0.0,0.9545454545454546,0.045454545454545456,0.0,0.5454545454545454,0.045454545454545456,0.3636363636363637,0.4090909090909091,0.0,0.5909090909090909,0.0,0.0,0.0,0.045454545454545456,0.18181818181818185,0.6818181818181818,0.0,0.09090909090909093,0.0,0.045454545454545456,0.13636363636363635,0.0,0.045454545454545456,0.0,0.0,0.7272727272727273,0.4090909090909091,0.045454545454545456,0.0,0.5,0.045454545454545456,0.045454545454545456,0.0,0.3636363636363637,0.045454545454545456,0.0,0.0,0.0,0.4545454545454545,0.045454545454545456,0.0,0.0,0.0,0.045454545454545456,0.0,0.0,0.0,0.0,-6,-47.72222222222222,72,0,0.0,0,0.0,0.875,0.0,0.1111111111111111,0.013888888888888888,72,5,10.0,0.2638297872340425,62.0,30.0,7.344680851063829,1726.0,33865.965,-225.0281489361703,-52881.61500000002,677714.895,32277.455808510644,7585202.115000001,32.085,677714.895,32502.483957446806,7638083.729999999,-37.0,-1375.1744680851066,-323166.0,235
0,1,0,1,135000.0,270000.0,13500.0,270000.0,0.026392000000000002,-17801,-4825.0,-1325,1,1,1,0,3.0,2,2,18,0,0,0,0,0,0,0.6855203533072975,0.0,0.0,0.0,0.0,-1519.0,0,0,0,0,0,0,0,0,0,0,0,0,0,0.0,0.0,0.0,0.0,2.0,0,1,0,0,0,1,0,0,0,0,1,0,0,0,0,1,0,1,0,0,0,1,0,0,1,0,0,0,0,0,0,0,0,0,1,0,0,0,0,0,0,0,0,0,0,0,0,0,0,0,0,0,0,0,0,0,0,0,0,0,0,0,-1321.111111111111,-399.33333333333326,-571.6666666666666,75.33333333333333,2748000.42,974.435,0.6666666666666666,0.3333333333333333,0.0,0.0,0.1111111111111111,0.4444444444444444,0.4444444444444444,0.0,0.0,0.0,0.0,45000.0,166653.0,88657.3125,52366.5,146650.5,94574.25,11,18,14.75,-2546,-265,-1102.0,0.625,0.375,0.0,0.125,0.125,0.125,0.125,0.125,0.25,0.125,0.0,0.0,0.0,0.0,0.125,0.0,0.0,0.0,0.0,0.375,0.5,0.25,0.0,0.75,0.0,1.0,0.0,0.0,0.0,0.5,0.0,0.25,0.0,0.0,0.25,0.0,0.0,0.125,0.875,0.0,0.0,0.0,0.0,0.0,0.0,0.125,0.0,0.0,0.0,0.0,0.0,0.0,0.125,0.0,0.0,0.75,0.0,0.0,0.625,0.375,0.0,0.375,0.125,0.5,0.0,0.0,0.0,0.0,0.25,0.625,0.0,0.125,0.0,0.0,0.125,0.0,0.25,0.0,0.0,0.625,0.0,0.625,0.125,0.25,0.0,0.0,0.0,0.0,0.125,0.0,0.0,0.5,0.0,0.0,0.0,0.25,0.0,0.0,0.0,0.125,0.0,0.0,-2,-30.25,32,0,0.0,0,0.0,0.96875,0.0,0.03125,0.0,32,2,14.0,1.2058823529411764,41.0,33.0,7.411764705882352,252.0,4044.42,357.1067647058823,12141.63,8545.05,5216.304705882351,177354.35999999996,2.79,8545.05,4859.1979411764705,165212.72999999998,-39.0,-909.3235294117646,-30917.0,34
1,0,1,0,72000.0,180000.0,13225.5,180000.0,0.010643000000000001,-14208,-3439.0,-965,1,1,1,0,1.0,2,2,19,0,0,0,0,0,0,0.6624102985686702,0.0,0.0,0.0,0.0,-2869.0,1,0,0,0,0,0,0,0,0,0,0,0,0,0.0,0.0,0.0,1.0,3.0,1,0,0,0,0,1,1,0,0,0,0,0,1,0,0,0,0,0,1,0,0,1,0,0,0,0,0,0,0,0,1,0,0,0,0,0,0,0,0,0,0,0,0,0,0,0,0,0,0,0,0,1,0,0,0,0,0,0,0,0,0,0,-178.0,126.0,-24.0,0.0,22455.0,0.0,1.0,0.0,0.0,0.0,0.0,1.0,0.0,0.0,0.0,0.0,0.0,0.0,68814.0,29406.75,0.0,68814.0,40281.75,9,19,13.833333333333336,-2869,-178,-1153.1666666666667,0.3333333333333333,0.5,0.16666666666666666,0.5,0.16666666666666666,0.3333333333333333,0.0,0.0,0.0,0.0,0.0,0.0,0.0,0.0,0.0,0.0,0.0,0.0,0.0,0.6666666666666666,0.3333333333333333,0.6666666666666666,0.16666666666666666,0.16666666666666666,0.0,0.5,0.0,0.5,0.0,0.16666666666666666,0.0,0.0,0.0,0.0,0.8333333333333334,0.0,0.0,0.0,1.0,0.0,0.0,0.0,0.0,0.16666666666666666,0.0,0.0,0.0,0.0,0.0,0.0,0.0,0.0,0.3333333333333333,0.0,0.0,0.5,0.16666666666666666,0.0,0.16666666666666666,0.5,0.16666666666666666,0.6666666666666666,0.0,0.3333333333333333,0.0,0.0,0.0,0.16666666666666666,0.8333333333333334,0.0,0.0,0.0,0.0,0.0,0.6666666666666666,0.0,0.16666666666666666,0.0,0.0,0.16666666666666666,0.3333333333333333,0.16666666666666666,0.0,0.16666666666666666,0.3333333333333333,0.0,0.16666666666666666,0.16666666666666666,0.0,0.0,0.16666666666666666,0.0,0.0,0.0,0.0,0.0,0.0,0.0,0.3333333333333333,0.16666666666666666,0.0,0.0,-2,-43.51351351351353,37,0,0.0,0,0.0,0.8108108108108109,0.0,0.10810810810810813,0.08108108108108109,37,3,0.0,0.0,0.0,54.0,7.346153846153847,955.0,0.0,0.0,0.0,40360.905,2597.075307692305,337619.78999999963,84.33,40360.905,2597.075307692305,337619.78999999963,-22.0,-1414.6846153846154,-183909.0,130
1,0,1,0,72000.0,180000.0,13225.5,180000.0,0.010643000000000001,-14208,-3439.0,-965,1,1,1,0,1.0,2,2,19,0,0,0,0,0,0,0.6624102985686702,0.0,0.0,0.0,0.0,-2869.0,1,0,0,0,0,0,0,0,0,0,0,0,0,0.0,0.0,0.0,1.0,3.0,1,0,0,0,0,1,1,0,0,0,0,0,1,0,0,0,0,0,1,0,0,1,0,0,0,0,0,0,0,0,1,0,0,0,0,0,0,0,0,0,0,0,0,0,0,0,0,0,0,0,0,1,0,0,0,0,0,0,0,0,0,0,-178.0,126.0,-24.0,0.0,22455.0,0.0,1.0,0.0,0.0,0.0,0.0,1.0,0.0,0.0,0.0,0.0,0.0,0.0,68814.0,29406.75,0.0,68814.0,40281.75,9,19,13.833333333333336,-2869,-178,-1153.1666666666667,0.3333333333333333,0.5,0.16666666666666666,0.5,0.16666666666666666,0.3333333333333333,0.0,0.0,0.0,0.0,0.0,0.0,0.0,0.0,0.0,0.0,0.0,0.0,0.0,0.6666666666666666,0.3333333333333333,0.6666666666666666,0.16666666666666666,0.16666666666666666,0.0,0.5,0.0,0.5,0.0,0.16666666666666666,0.0,0.0,0.0,0.0,0.8333333333333334,0.0,0.0,0.0,1.0,0.0,0.0,0.0,0.0,0.16666666666666666,0.0,0.0,0.0,0.0,0.0,0.0,0.0,0.0,0.3333333333333333,0.0,0.0,0.5,0.16666666666666666,0.0,0.16666666666666666,0.5,0.16666666666666666,0.6666666666666666,0.0,0.3333333333333333,0.0,0.0,0.0,0.16666666666666666,0.8333333333333334,0.0,0.0,0.0,0.0,0.0,0.6666666666666666,0.0,0.16666666666666666,0.0,0.0,0.16666666666666666,0.3333333333333333,0.16666666666666666,0.0,0.16666666666666666,0.3333333333333333,0.0,0.16666666666666666,0.16666666666666666,0.0,0.0,0.16666666666666666,0.0,0.0,0.0,0.0,0.0,0.0,0.0,0.3333333333333333,0.16666666666666666,0.0,0.0,-2,-43.51351351351353,37,0,0.0,0,0.0,0.8108108108108109,0.0,0.10810810810810813,0.08108108108108109,37,3,0.0,0.0,0.0,54.0,7.346153846153847,955.0,0.0,0.0,0.0,40360.905,2597.075307692305,337619.78999999963,84.33,40360.905,2597.075307692305,337619.78999999963,-22.0,-1414.6846153846154,-183909.0,130
0,1,1,0,202500.0,450000.0,24543.0,450000.0,0.018209,-10518,-971.0,-3105,1,0,0,1,1.0,3,3,10,0,0,0,0,0,0,0.4388937595575567,3.0,1.0,3.0,0.0,-1926.0,1,0,0,0,0,0,0,0,0,0,0,0,0,0.0,0.0,0.0,0.0,5.0,1,0,0,0,0,1,1,0,0,0,0,0,0,0,0,1,0,0,0,1,0,1,0,0,0,1,0,0,0,0,0,0,0,0,1,0,0,0,0,0,0,0,0,0,0,0,0,0,0,0,0,0,0,0,0,0,0,0,0,0,0,0,-466.0,1057.5,-144.66666666666666,0.0,3069000.0,0.0,0.3333333333333333,0.6666666666666666,0.0,0.0,0.0,0.8333333333333334,0.16666666666666666,0.0,0.0,0.0,0.0,0.0,675000.0,246405.2142857143,0.0,675000.0,257787.0,9,14,10.428571428571429,-1926,-165,-1116.142857142857,0.7142857142857143,0.14285714285714285,0.14285714285714285,0.14285714285714285,0.0,0.0,0.2857142857142857,0.42857142857142855,0.0,0.14285714285714285,0.0,0.0,0.0,0.0,0.0,0.0,0.0,0.0,0.0,0.2857142857142857,0.7142857142857143,0.42857142857142855,0.14285714285714285,0.42857142857142855,0.0,0.5714285714285714,0.0,0.42857142857142855,0.0,0.0,0.2857142857142857,0.14285714285714285,0.0,0.0,0.5714285714285714,0.0,0.14285714285714285,0.14285714285714285,0.7142857142857143,0.0,0.0,0.0,0.0,0.0,0.0,0.0,0.0,0.0,0.0,0.0,0.0,0.0,0.14285714285714285,0.0,0.0,0.8571428571428571,0.14285714285714285,0.0,0.5714285714285714,0.14285714285714285,0.14285714285714285,0.2857142857142857,0.5714285714285714,0.14285714285714285,0.0,0.0,0.0,0.14285714285714285,0.2857142857142857,0.5714285714285714,0.0,0.0,0.0,0.0,0.0,0.0,0.2857142857142857,0.0,0.0,0.7142857142857143,0.2857142857142857,0.2857142857142857,0.0,0.0,0.42857142857142855,0.14285714285714285,0.0,0.14285714285714285,0.0,0.0,0.42857142857142855,0.14285714285714285,0.0,0.0,0.14285714285714285,0.0,0.0,0.0,0.0,0.0,0.0,0.0,-32,-50.58333333333334,24,0,0.0,0,0.0,0.875,0.0,0.08333333333333333,0.04166666666666666,24,4,0.0,0.0,0.0,27.0,11.190476190476188,235.0,0.0,-10714.720714285717,-225009.135,208593.135,28216.17642857142,592539.7049999997,4087.575,225009.135,38930.89714285713,817548.8399999997,-1011.0,-1532.333333333333,-32179.0,21
0,0,1,0,157500.0,332473.5,21375.0,274500.0,0.018029,-10971,-3839.0,-3589,1,0,0,0,2.0,3,3,9,0,0,0,0,0,0,0.055456508330878826,3.0,1.0,2.0,1.0,-296.0,1,0,0,0,0,0,0,0,0,0,0,0,0,0.0,0.0,0.0,0.0,0.0,1,0,0,0,0,1,0,0,0,0,1,0,0,0,0,1,1,0,0,0,0,1,0,0,0,1,0,0,0,0,0,0,0,0,1,0,0,0,0,0,0,0,0,0,0,0,0,0,0,0,0,0,0,0,0,0,0,0,0,0,0,0,-1261.5,4723.0,-658.1666666666666,0.0,3996935.01,0.0,0.3333333333333333,0.6666666666666666,0.0,0.0,0.16666666666666666,0.6666666666666666,0.16666666666666666,0.0,0.0,0.0,0.0,30960.0,30960.0,30960.0,30960.0,30960.0,30960.0,15,15,15.0,-402,-402,-402.0,0.0,1.0,0.0,1.0,0.0,0.0,0.0,0.0,0.0,0.0,0.0,0.0,0.0,0.0,0.0,0.0,0.0,0.0,0.0,1.0,0.0,1.0,0.0,0.0,0.0,1.0,0.0,0.0,0.0,0.0,0.0,0.0,0.0,0.0,1.0,0.0,1.0,0.0,0.0,0.0,0.0,0.0,0.0,0.0,0.0,0.0,0.0,0.0,0.0,0.0,0.0,0.0,1.0,0.0,0.0,0.0,0.0,0.0,0.0,1.0,0.0,1.0,0.0,0.0,0.0,0.0,0.0,0.0,1.0,0.0,0.0,0.0,0.0,0.0,1.0,0.0,0.0,0.0,0.0,0.0,0.0,1.0,0.0,0.0,0.0,0.0,0.0,0.0,0.0,0.0,0.0,0.0,0.0,0.0,0.0,0.0,0.0,0.0,1.0,0.0,0.0,0.0,-7,-10.0,7,0,0.0,0,0.0,0.8571428571428571,0.0,0.14285714285714285,0.0,7,1,0.0,0.0,0.0,17.0,10.666666666666666,64.0,0.0,0.0,0.0,6366.015,6365.790000000001,38194.74000000001,6364.665,6366.015,6365.790000000001,38194.74000000001,-203.0,-281.6666666666667,-1690.0,6
1,0,1,0,171000.0,904500.0,35176.5,904500.0,0.026392000000000002,-18415,-6245.0,-1953,1,0,0,0,2.0,2,2,10,0,0,0,0,1,1,0.243036970446566,1.0,0.0,1.0,0.0,-1610.0,1,0,0,0,0,0,0,0,0,0,0,0,0,0.0,0.0,0.0,0.0,1.0,1,0,0,0,0,1,1,0,0,0,0,0,0,0,0,1,0,1,0,0,0,1,0,0,0,0,0,0,0,0,1,0,0,0,0,0,0,0,0,0,0,0,0,0,0,0,0,0,0,0,0,0,0,0,1,0,0,0,0,0,0,0,-619.6,342.4,-347.0,0.0,2571924.87,0.0,0.4,0.6,0.0,0.0,0.0,1.0,0.0,0.0,0.0,0.0,0.0,0.0,180000.0,65601.0,0.0,209700.0,77554.8,11,20,15.2,-1875,-62,-1192.6,0.6,0.4,0.0,0.0,0.0,0.0,0.0,0.4,0.2,0.4,0.0,0.0,0.0,0.0,0.2,0.0,0.0,0.0,0.0,0.4,0.4,0.8,0.0,0.0,0.2,1.0,0.0,0.0,0.2,0.0,0.0,0.0,0.0,0.0,0.8,0.0,0.2,0.2,0.6,0.0,0.0,0.0,0.0,0.2,0.0,0.0,0.0,0.0,0.0,0.0,0.0,0.0,0.2,0.0,0.0,0.6,0.0,0.0,0.4,0.4,0.2,0.6,0.0,0.4,0.0,0.0,0.0,0.0,0.4,0.6,0.0,0.0,0.0,0.0,0.0,0.0,0.4,0.0,0.0,0.6,0.2,0.6,0.0,0.0,0.2,0.0,0.0,0.2,0.0,0.0,0.0,0.4,0.0,0.0,0.4,0.0,0.0,0.0,0.0,0.0,0.0,0.0,-2,-48.85185185185186,27,0,0.0,0,0.0,0.925925925925926,0.0,0.07407407407407407,0.0,27,2,0.0,0.0,0.0,18.0,9.04,226.0,0.0,0.0,0.0,51599.61,9469.562399999997,236739.05999999997,2674.53,51599.61,9469.562399999997,236739.05999999997,-43.0,-1469.12,-36728.0,25
1,0,1,0,171000.0,904500.0,35176.5,904500.0,0.026392000000000002,-18415,-6245.0,-1953,1,0,0,0,2.0,2,2,10,0,0,0,0,1,1,0.243036970446566,1.0,0.0,1.0,0.0,-1610.0,1,0,0,0,0,0,0,0,0,0,0,0,0,0.0,0.0,0.0,0.0,1.0,1,0,0,0,0,1,1,0,0,0,0,0,0,0,0,1,0,1,0,0,0,1,0,0,0,0,0,0,0,0,1,0,0,0,0,0,0,0,0,0,0,0,0,0,0,0,0,0,0,0,0,0,0,0,1,0,0,0,0,0,0,0,-619.6,342.4,-347.0,0.0,2571924.87,0.0,0.4,0.6,0.0,0.0,0.0,1.0,0.0,0.0,0.0,0.0,0.0,0.0,180000.0,65601.0,0.0,209700.0,77554.8,11,20,15.2,-1875,-62,-1192.6,0.6,0.4,0.0,0.0,0.0,0.0,0.0,0.4,0.2,0.4,0.0,0.0,0.0,0.0,0.2,0.0,0.0,0.0,0.0,0.4,0.4,0.8,0.0,0.0,0.2,1.0,0.0,0.0,0.2,0.0,0.0,0.0,0.0,0.0,0.8,0.0,0.2,0.2,0.6,0.0,0.0,0.0,0.0,0.2,0.0,0.0,0.0,0.0,0.0,0.0,0.0,0.0,0.2,0.0,0.0,0.6,0.0,0.0,0.4,0.4,0.2,0.6,0.0,0.4,0.0,0.0,0.0,0.0,0.4,0.6,0.0,0.0,0.0,0.0,0.0,0.0,0.4,0.0,0.0,0.6,0.2,0.6,0.0,0.0,0.2,0.0,0.0,0.2,0.0,0.0,0.0,0.4,0.0,0.0,0.4,0.0,0.0,0.0,0.0,0.0,0.0,0.0,-2,-48.85185185185186,27,0,0.0,0,0.0,0.925925925925926,0.0,0.07407407407407407,0.0,27,2,0.0,0.0,0.0,18.0,9.04,226.0,0.0,0.0,0.0,51599.61,9469.562399999997,236739.05999999997,2674.53,51599.61,9469.562399999997,236739.05999999997,-43.0,-1469.12,-36728.0,25
0,1,1,1,202500.0,180000.0,9000.0,180000.0,0.018029,-12296,-3939.0,-4433,1,0,0,0,3.0,3,3,10,0,0,0,1,1,1,0.4375209940012396,1.0,0.0,1.0,0.0,-1739.0,0,0,0,0,0,0,0,0,0,0,0,0,0,0.0,0.0,0.0,0.0,2.0,0,1,0,0,0,1,0,0,0,0,1,0,0,0,0,1,0,1,0,0,0,1,0,0,0,0,1,0,0,0,0,0,0,0,0,0,1,0,0,0,0,0,0,0,0,0,0,0,0,0,0,0,0,0,0,0,0,0,0,0,0,0,-616.6666666666666,3887.666666666666,-39.0,0.0,1996110.0,0.0,0.6666666666666666,0.3333333333333333,0.0,0.0,0.0,0.6666666666666666,0.3333333333333333,0.0,0.0,0.0,0.0,92619.0,133632.0,114248.25,96831.0,160092.0,130377.375,5,14,9.75,-1978,-658,-1528.5,0.0,1.0,0.0,0.0,0.0,0.25,0.0,0.0,0.25,0.5,0.0,0.0,0.0,0.0,0.0,0.0,0.0,0.0,0.0,1.0,0.0,0.75,0.0,0.25,0.0,1.0,0.0,0.0,0.0,0.0,0.25,0.0,0.0,0.0,0.75,0.0,0.25,0.0,0.75,0.0,0.0,0.5,0.0,0.0,0.0,0.5,0.0,0.0,0.0,0.0,0.0,0.0,0.0,0.0,0.0,0.0,0.0,0.0,0.0,1.0,0.0,1.0,0.0,0.0,0.0,0.0,0.0,0.0,1.0,0.0,0.0,0.0,0.0,0.0,0.0,0.0,1.0,0.0,0.0,0.0,0.0,0.75,0.0,0.0,0.25,0.0,0.0,0.0,0.0,0.0,0.0,0.0,0.0,0.0,1.0,0.0,0.0,0.0,0.0,0.0,0.0,0.0,-10,-41.1764705882353,51,1,0.0196078431372549,1,0.0196078431372549,0.9411764705882352,0.0,0.05882352941176471,0.0,51,1,13.0,1.5441176470588236,105.0,37.0,9.632352941176473,655.0,11571.975,3178.6861764705877,216150.66,11617.56,10904.470808823538,741504.0150000006,2.88,11617.56,7725.784632352946,525353.3550000002,-299.0,-1245.5735294117646,-84699.0,68
1,0,1,0,247500.0,945000.0,31360.5,945000.0,0.026392000000000002,-23474,-4941.0,-4700,0,0,0,0,1.0,2,2,11,0,0,0,0,0,0,0.7242313840302574,8.0,0.0,7.0,0.0,-3199.0,1,0,0,0,0,0,0,0,0,0,0,0,0,0.0,0.0,0.0,0.0,2.0,1,0,0,1,0,0,0,1,0,0,0,0,0,0,0,1,0,0,0,0,1,1,0,0,0,0,0,0,0,1,0,0,0,0,0,0,0,0,0,0,0,0,0,0,0,0,0,0,0,0,0,0,0,0,0,0,0,0,0,0,0,1,-991.75,-452.25,-731.5,0.0,522549.0,0.0,0.25,0.75,0.0,0.0,0.0,0.75,0.25,0.0,0.0,0.0,0.0,0.0,324000.0,87300.0,0.0,324000.0,87300.0,12,12,12.0,-145,-145,-145.0,0.6,0.0,0.4,0.0,0.0,0.0,0.0,1.0,0.0,0.0,0.0,0.0,0.0,0.0,0.0,0.0,0.0,0.0,0.0,0.4,0.6,0.4,0.4,0.2,0.0,0.2,0.0,0.8,0.0,0.2,0.0,0.0,0.0,0.0,0.8,0.0,0.0,1.0,0.0,0.0,0.0,0.0,0.0,0.0,0.0,0.0,0.0,0.0,0.0,0.0,0.0,0.0,0.0,0.0,0.0,1.0,0.2,0.0,0.2,0.0,0.6,0.6,0.0,0.4,0.0,0.0,0.0,0.0,0.0,1.0,0.0,0.0,0.0,0.0,0.0,0.0,0.0,0.0,0.0,1.0,0.8,0.0,0.0,0.2,0.0,0.2,0.2,0.4,0.0,0.0,0.0,0.0,0.2,0.0,0.0,0.0,0.0,0.0,0.0,0.0,0.0,0.0,-1,-2.5,4,0,0.0,0,0.0,1.0,0.0,0.0,0.0,4,2,0.0,0.0,0.0,11.0,5.25,21.0,0.0,0.0,0.0,320903.955,89052.42375,356209.695,11768.58,320903.955,89052.42375,356209.695,-35.0,-75.25,-301.0,4
0,1,0,0,225000.0,1724220.0,50544.0,1350000.0,0.018801,-16368,-3880.0,-4114,1,0,0,0,2.0,2,2,7,0,0,0,0,0,0,0.5577953590080768,0.0,0.0,0.0,0.0,-1180.0,1,0,0,0,0,0,0,0,0,0,0,0,0,0.0,0.0,13.0,1.0,2.0,1,0,0,0,0,1,1,0,0,0,0,0,0,0,0,1,0,1,0,0,0,1,0,0,0,0,0,0,1,0,0,0,0,0,0,0,0,0,0,0,0,0,0,0,0,0,0,1,0,0,0,0,0,0,0,0,0,0,0,0,0,0,-1040.111111111111,207.77777777777774,-305.1111111111111,0.0,3851394.57,0.0,0.4444444444444444,0.5555555555555556,0.0,0.0,0.0,0.7777777777777778,0.2222222222222222,0.0,0.0,0.0,0.0,61326.0,900000.0,335048.4,71041.5,1078200.0,374292.9,12,16,14.0,-2463,-104,-1330.8,0.6,0.4,0.0,0.6,0.2,0.0,0.2,0.0,0.0,0.0,0.0,0.0,0.0,0.0,0.0,0.0,0.0,0.0,0.0,0.4,0.6,0.4,0.2,0.4,0.0,0.6,0.0,0.4,0.0,0.4,0.0,0.0,0.0,0.0,0.6,0.0,0.0,0.2,0.8,0.0,0.0,0.0,0.0,0.0,0.0,0.4,0.0,0.0,0.0,0.0,0.0,0.0,0.0,0.0,0.0,0.6,0.0,0.0,0.6,0.4,0.0,0.4,0.0,0.6,0.0,0.0,0.0,0.2,0.6,0.2,0.0,0.0,0.0,0.0,0.0,0.0,0.6,0.0,0.0,0.4,0.0,0.0,0.0,0.2,0.8,0.0,0.0,0.0,0.0,0.0,0.4,0.0,0.2,0.0,0.4,0.0,0.0,0.0,0.0,0.0,0.0,0.0,-13,-29.4375,16,0,0.0,0,0.0,0.875,0.0,0.125,0.0,16,2,0.0,0.0,0.0,32.0,23.714285714285715,332.0,0.0,0.0,0.0,70487.28,13356.752142857138,186994.52999999997,5368.59,70487.28,13356.752142857138,186994.52999999997,-392.0,-924.0,-12936.0,14
1,1,1,0,67500.0,225000.0,8482.5,225000.0,0.01885,-16049,-4087.0,-3606,0,0,1,0,2.0,2,2,12,0,0,0,0,0,0,0.6922456147305289,1.0,0.0,1.0,0.0,-1789.0,1,0,0,0,0,0,0,0,0,0,0,0,0,0.0,0.0,0.0,0.0,0.0,1,0,0,0,0,1,0,1,0,0,0,0,0,0,0,1,0,1,0,0,0,1,0,0,0,0,0,0,0,1,0,0,0,0,0,0,0,0,0,0,0,0,0,0,0,0,0,0,0,0,0,0,0,0,0,0,0,0,0,0,0,1,-1362.25,-1080.75,-883.25,0.0,227475.0,0.0,0.0,1.0,0.0,0.0,0.0,1.0,0.0,0.0,0.0,0.0,0.0,74160.0,88636.5,81398.25,66744.0,87520.5,77132.25,11,12,11.5,-1789,-1531,-1660.0,0.0,1.0,0.0,0.5,0.0,0.5,0.0,0.0,0.0,0.0,0.0,0.0,0.0,0.0,0.0,0.0,0.0,0.0,0.0,1.0,0.0,1.0,0.0,0.0,0.0,0.5,0.0,0.0,0.0,0.0,0.0,0.0,0.0,0.0,1.0,0.0,0.5,0.0,0.5,0.0,0.0,0.0,0.0,0.0,0.0,0.5,0.0,0.0,0.0,0.5,0.0,0.0,0.0,0.0,0.0,0.0,0.0,0.0,0.0,1.0,0.0,1.0,0.0,0.0,0.0,0.0,0.0,0.0,0.0,0.0,0.5,0.5,0.0,0.0,0.0,0.0,0.5,0.5,0.0,0.0,0.0,0.5,0.0,0.0,0.5,0.0,0.0,0.0,0.0,0.0,0.0,0.0,0.0,0.0,0.5,0.0,0.5,0.0,0.0,0.0,0.0,0.0,-38,-48.125,24,19,0.7916666666666666,0,0.0,0.9166666666666666,0.0,0.08333333333333333,0.0,24,1,19.0,4.875,156.0,20.0,10.53125,337.0,9869.04,3096.042187499999,99073.34999999996,9907.335,9394.50515625,300624.165,38.295,9907.335,6298.462968750003,201550.8150000001,-1182.0,-1429.71875,-45751.0,32
0,1,0,0,121500.0,544491.0,17694.0,454500.0,0.035792000000000004,-21469,-5179.0,-4977,1,0,0,0,2.0,2,2,10,0,0,0,0,1,1,0.6786448049351812,1.0,0.0,1.0,0.0,-599.0,1,0,0,0,0,0,0,0,0,0,0,0,0,0.0,0.0,0.0,0.0,0.0,1,0,0,0,0,1,0,0,1,0,0,0,0,0,0,1,0,1,0,0,0,1,0,0,0,1,0,0,0,0,0,0,0,0,0,0,0,0,0,0,0,0,0,0,0,0,0,0,0,0,0,0,1,0,0,0,0,0,0,0,0,0,-286.5,26.0,-82.0,0.0,216751.995,0.0,0.5,0.5,0.0,0.0,0.0,1.0,0.0,0.0,0.0,0.0,0.0,0.0,112500.0,47304.0,0.0,112500.0,49210.2,9,17,13.8,-599,-157,-302.4,0.6,0.2,0.2,0.2,0.6,0.0,0.0,0.2,0.0,0.0,0.0,0.0,0.0,0.0,0.0,0.0,0.0,0.0,0.0,0.4,0.6,0.6,0.4,0.0,0.0,0.4,0.0,0.6,0.0,0.0,0.0,0.0,0.0,0.0,1.0,0.0,0.2,0.0,0.8,0.0,0.0,0.0,0.0,0.0,0.0,0.0,0.0,0.0,0.0,0.0,0.0,0.0,0.0,0.0,0.0,0.8,0.2,0.0,0.2,0.2,0.4,0.6,0.0,0.4,0.0,0.0,0.0,0.0,0.0,0.8,0.0,0.2,0.2,0.0,0.0,0.0,0.0,0.0,0.0,0.8,0.6,0.0,0.0,0.2,0.2,0.0,0.2,0.4,0.0,0.0,0.0,0.0,0.2,0.0,0.0,0.0,0.0,0.0,0.0,0.0,0.2,0.0,-5,-12.294117647058822,17,0,0.0,0,0.0,0.8823529411764706,0.0,0.1176470588235294,0.0,17,3,0.0,0.0,0.0,47.0,13.769230769230768,358.0,0.0,0.0,0.0,76519.125,8600.408653846149,223610.62499999988,60.255,76519.125,8600.408653846149,223610.62499999988,-7.0,-254.61538461538458,-6620.0,26
1,0,1,0,67500.0,481176.0,23278.5,360000.0,0.035792000000000004,-19671,-9644.0,-3225,0,0,1,0,2.0,2,2,11,0,0,0,0,0,0,0.667307165732449,0.0,0.0,0.0,0.0,-468.0,0,0,0,1,0,0,0,0,0,0,0,0,0,0.0,0.0,0.0,0.0,3.0,1,0,0,0,0,1,0,1,0,0,0,0,1,0,0,0,0,1,0,0,0,1,0,0,0,0,0,0,0,0,1,0,0,0,0,0,0,0,0,0,0,0,0,0,0,0,0,0,0,0,0,0,0,0,0,0,0,0,0,0,0,1,-1220.5714285714287,-483.1428571428572,-785.7142857142858,0.0,1940805.0,0.0,0.2857142857142857,0.7142857142857143,0.0,0.0,0.0,0.7142857142857143,0.2857142857142857,0.0,0.0,0.0,0.0,0.0,139509.0,84003.0,0.0,139509.0,84003.0,10,13,11.0,-468,-268,-334.6666666666667,0.0,0.3333333333333333,0.6666666666666666,0.0,0.6666666666666666,0.0,0.0,0.3333333333333333,0.0,0.0,0.0,0.0,0.0,0.0,0.0,0.0,0.0,0.0,0.0,1.0,0.0,0.6666666666666666,0.3333333333333333,0.0,0.0,0.3333333333333333,0.0,0.6666666666666666,0.0,0.0,0.0,0.0,0.0,0.0,1.0,0.0,0.3333333333333333,0.0,0.6666666666666666,0.0,0.0,0.0,0.0,0.0,0.0,0.3333333333333333,0.0,0.0,0.0,0.0,0.0,0.0,0.0,0.0,0.0,0.6666666666666666,0.3333333333333333,0.0,0.0,0.3333333333333333,0.3333333333333333,0.6666666666666666,0.0,0.3333333333333333,0.0,0.0,0.0,0.0,0.0,0.6666666666666666,0.3333333333333333,0.0,0.0,0.0,0.0,0.0,0.3333333333333333,0.0,0.0,0.6666666666666666,0.6666666666666666,0.0,0.3333333333333333,0.0,0.0,0.3333333333333333,0.3333333333333333,0.0,0.0,0.0,0.0,0.0,0.0,0.0,0.0,0.3333333333333333,0.0,0.0,0.0,0.0,0.0,0.0,-1,-8.0,15,0,0.0,0,0.0,1.0,0.0,0.0,0.0,15,1,0.0,0.0,0.0,37.0,29.466666666666665,442.0,0.0,0.0,0.0,8510.805,8510.804999999997,127662.07499999994,8510.805,8510.805,8510.804999999997,127662.07499999994,-45.0,-251.46666666666667,-3772.0,15
1,1,0,0,112500.0,93829.5,9742.5,81000.0,0.010643000000000001,-15079,-1525.0,-1231,1,0,0,0,2.0,2,2,9,0,0,0,0,1,1,0.3975525442004521,5.0,0.0,5.0,0.0,-668.0,1,0,0,0,0,0,0,0,0,0,0,0,0,0.0,0.0,1.0,1.0,3.0,1,0,0,1,0,0,0,0,1,0,0,0,0,0,0,1,0,1,0,0,0,1,0,0,0,0,0,0,0,1,0,0,0,0,0,0,0,0,0,0,0,0,0,0,0,1,0,0,0,0,0,0,0,0,0,0,0,0,0,0,0,0,-417.5,-189.5,-203.0,0.0,78700.5,0.0,0.5,0.5,0.0,0.0,0.0,1.0,0.0,0.0,0.0,0.0,0.0,0.0,540000.0,198242.55,0.0,540000.0,224013.6,9,21,11.1,-1161,-190,-493.2,0.2,0.3,0.5,0.4,0.3,0.1,0.0,0.1,0.0,0.1,0.0,0.0,0.0,0.0,0.0,0.0,0.0,0.0,0.0,0.8,0.2,0.4,0.2,0.3,0.1,0.3,0.0,0.7,0.1,0.2,0.1,0.0,0.0,0.0,0.6,0.0,0.1,0.0,0.9,0.0,0.0,0.0,0.0,0.1,0.0,0.0,0.0,0.0,0.0,0.1,0.0,0.0,0.1,0.0,0.0,0.7,0.4,0.0,0.1,0.2,0.3,0.5,0.0,0.5,0.0,0.0,0.0,0.1,0.2,0.6,0.0,0.1,0.0,0.0,0.1,0.0,0.1,0.1,0.0,0.7,0.7,0.0,0.1,0.0,0.2,0.1,0.4,0.1,0.0,0.0,0.0,0.0,0.0,0.1,0.0,0.1,0.1,0.0,0.1,0.0,0.0,0.0,-1,-17.541666666666668,48,0,0.0,0,0.0,0.9583333333333334,0.0,0.04166666666666666,0.0,48,4,0.0,0.0,0.0,59.0,28.127659574468087,1322.0,0.0,-1034.0425531914893,-48600.0,85029.75,20311.240212765948,954628.2899999998,10818.225,85029.75,21345.282765957443,1003228.2899999998,-63.0,-547.1914893617021,-25718.0,47
0,0,1,0,202500.0,247500.0,12375.0,247500.0,0.030755,-17962,-4399.0,-1509,1,0,0,0,2.0,2,2,10,0,0,0,0,0,0,0.5877567829985734,0.0,0.0,0.0,0.0,-2151.0,0,0,0,0,0,0,0,0,0,0,0,0,0,0.0,0.0,0.0,2.0,2.0,0,1,0,0,0,1,0,0,0,0,1,0,0,0,0,1,0,1,0,0,0,1,0,0,0,0,0,0,0,1,0,0,0,0,0,0,0,0,0,0,0,0,0,0,0,0,0,0,0,0,0,0,0,0,0,0,0,0,0,0,0,0,-912.5,4775.666666666667,-462.83333333333326,0.0,840405.375,0.0,0.3333333333333333,0.6666666666666666,0.0,0.0,0.0,0.3333333333333333,0.6666666666666666,0.0,0.0,0.0,0.0,0.0,107955.0,44186.625,0.0,106771.5,43890.75,9,17,13.0,-2151,-58,-751.75,0.5,0.5,0.0,0.0,0.25,0.0,0.5,0.0,0.0,0.25,0.0,0.0,0.0,0.0,0.0,0.0,0.0,0.0,0.0,0.5,0.5,0.5,0.5,0.0,0.0,0.25,0.0,0.75,0.0,0.0,0.0,0.0,0.0,0.0,1.0,0.0,0.25,0.25,0.5,0.0,0.0,0.25,0.0,0.0,0.0,0.0,0.0,0.0,0.0,0.0,0.0,0.0,0.25,0.0,0.0,0.5,0.0,0.0,0.0,0.5,0.5,1.0,0.0,0.0,0.0,0.0,0.0,0.0,0.5,0.5,0.0,0.0,0.0,0.0,0.25,0.0,0.25,0.0,0.0,0.5,0.5,0.0,0.0,0.0,0.5,0.0,0.0,0.5,0.0,0.0,0.0,0.0,0.0,0.0,0.25,0.0,0.0,0.0,0.0,0.25,0.0,0.0,-7,-39.7037037037037,27,0,0.0,0,0.0,0.925925925925926,0.0,0.07407407407407407,0.0,27,1,1.0,0.04166666666666666,1.0,22.0,13.166666666666664,316.0,0.0,0.0,0.0,10954.755,8844.630000000003,212271.12000000005,6739.47,10954.755,8844.630000000003,212271.12000000005,-252.0,-1189.625,-28551.0,24
0,0,1,1,90000.0,269550.0,18234.0,225000.0,0.035792000000000004,-11113,-1147.0,-1254,1,1,1,0,2.0,2,2,18,0,0,0,0,1,1,0.2763878585120621,6.0,0.0,6.0,0.0,-288.0,1,0,0,0,0,0,0,0,0,0,0,0,0,0.0,0.0,0.0,0.0,7.0,1,0,0,0,0,1,0,0,0,0,1,0,0,1,0,0,0,0,1,0,0,1,0,0,0,0,0,0,0,1,0,0,0,0,0,0,0,0,0,0,0,0,0,0,0,0,0,0,0,0,0,0,0,0,1,0,0,0,0,0,0,0,-100.0,265.0,-36.0,0.0,55485.0,0.0,1.0,0.0,0.0,0.0,0.0,1.0,0.0,0.0,0.0,0.0,0.0,0.0,180000.0,63912.857142857145,0.0,197820.0,65489.785714285725,8,13,10.857142857142858,-2218,-100,-684.8571428571429,0.42857142857142855,0.42857142857142855,0.14285714285714285,0.14285714285714285,0.0,0.0,0.2857142857142857,0.0,0.2857142857142857,0.2857142857142857,0.0,0.0,0.0,0.0,0.0,0.0,0.0,0.0,0.0,0.5714285714285714,0.42857142857142855,0.42857142857142855,0.14285714285714285,0.2857142857142857,0.14285714285714285,0.42857142857142855,0.0,0.5714285714285714,0.14285714285714285,0.14285714285714285,0.0,0.0,0.14285714285714285,0.0,0.5714285714285714,0.0,0.14285714285714285,0.14285714285714285,0.7142857142857143,0.0,0.0,0.0,0.0,0.14285714285714285,0.0,0.14285714285714285,0.0,0.0,0.0,0.0,0.0,0.0,0.14285714285714285,0.0,0.0,0.5714285714285714,0.0,0.0,0.14285714285714285,0.2857142857142857,0.5714285714285714,0.8571428571428571,0.0,0.14285714285714285,0.2857142857142857,0.0,0.0,0.2857142857142857,0.14285714285714285,0.0,0.2857142857142857,0.0,0.0,0.0,0.14285714285714285,0.0,0.2857142857142857,0.0,0.0,0.5714285714285714,0.5714285714285714,0.2857142857142857,0.0,0.14285714285714285,0.0,0.14285714285714285,0.0,0.2857142857142857,0.0,0.0,0.0,0.14285714285714285,0.0,0.0,0.2857142857142857,0.0,0.0,0.0,0.14285714285714285,0.0,0.0,0.0,-7,-33.72093023255814,43,21,0.4883720930232558,21,0.4883720930232558,0.9534883720930232,0.0,0.04651162790697674,0.0,43,1,22.0,1.7192982456140349,98.0,50.0,13.210526315789476,753.0,14024.475,4826.194736842106,275093.10000000003,16415.1,14217.596842105258,810403.0199999998,1558.8,16415.1,9391.402105263162,535309.9200000003,-204.0,-950.5087719298243,-54179.0,57
0,1,0,1,148500.0,765522.0,29794.5,639000.0,0.00733,-12956,-4189.0,-4776,1,0,0,0,3.0,2,2,13,0,0,0,0,0,0,0.7607671728417613,1.0,0.0,1.0,0.0,-1622.0,1,0,0,0,0,0,0,0,0,0,0,0,0,1.0,0.0,0.0,1.0,4.0,1,0,0,1,0,0,0,0,0,0,1,0,0,0,0,1,0,1,0,0,0,1,0,0,1,0,0,0,0,0,0,0,0,0,0,0,0,0,0,0,0,0,0,0,0,0,0,0,0,0,0,0,0,0,1,0,0,0,0,0,0,0,-472.0,629.2,-129.4,0.0,907785.0,0.0,0.6,0.4,0.0,0.0,0.0,0.8,0.2,0.0,0.0,0.0,0.0,0.0,472500.0,80884.84125,0.0,604021.5,94229.625,10,19,14.916666666666664,-2680,-227,-918.75,0.4166666666666667,0.5833333333333334,0.0,0.08333333333333333,0.16666666666666666,0.16666666666666666,0.16666666666666666,0.08333333333333333,0.3333333333333333,0.0,0.0,0.0,0.0,0.0,0.0,0.0,0.0,0.0,0.0,0.5833333333333334,0.4166666666666667,0.6666666666666666,0.16666666666666666,0.08333333333333333,0.08333333333333333,0.8333333333333334,0.0,0.16666666666666666,0.08333333333333333,0.0,0.0,0.08333333333333333,0.0,0.0,0.8333333333333334,0.0,0.08333333333333333,0.0,0.9166666666666666,0.0,0.0,0.3333333333333333,0.0,0.0,0.0,0.08333333333333333,0.0,0.0,0.0,0.0,0.0,0.0,0.16666666666666666,0.0,0.0,0.4166666666666667,0.0,0.0,0.25,0.5,0.25,0.75,0.0,0.25,0.0,0.0,0.0,0.0,0.5,0.4166666666666667,0.08333333333333333,0.0,0.0,0.0,0.08333333333333333,0.0,0.5,0.0,0.0,0.4166666666666667,0.25,0.16666666666666666,0.25,0.16666666666666666,0.16666666666666666,0.0,0.0,0.16666666666666666,0.0,0.0,0.0,0.0,0.08333333333333333,0.16666666666666666,0.25,0.25,0.0,0.0,0.08333333333333333,0.0,0.0,0.0,-1,-42.85882352941177,85,0,0.0,0,0.0,0.9294117647058824,0.0,0.07058823529411765,0.0,85,4,0.0,0.0,0.0,128.0,19.2125,1537.0,0.0,-3985.12125,-318809.7,295672.005,11664.681750000002,933174.5400000002,1848.78,318809.7,15649.803000000005,1251984.2400000005,-18.0,-1325.4375,-106035.0,80
0,1,0,0,202500.0,1797354.0,47542.5,1606500.0,0.025164,-18944,-2579.0,-2474,1,0,1,0,2.0,2,2,8,0,0,0,0,0,0,0.5778783293781498,2.0,0.0,2.0,0.0,-2612.0,0,0,0,0,1,0,0,1,0,0,0,0,0,0.0,0.0,0.0,1.0,0.0,1,0,0,1,0,0,1,0,0,0,0,0,1,0,0,0,0,1,0,0,0,1,0,0,0,0,1,0,0,0,0,0,0,0,0,0,1,0,0,0,0,0,0,0,0,0,0,0,0,0,0,0,0,0,0,0,0,0,0,0,0,0,-2477.0,1723.0,-1533.5,0.0,5625000.0,0.0,0.0,0.5,0.5,0.0,0.5,0.0,0.0,0.0,0.0,0.5,0.0,0.0,135000.0,80100.0,0.0,142425.0,88503.0,12,16,14.0,-2612,-37,-1113.6666666666667,0.6666666666666666,0.3333333333333333,0.0,0.3333333333333333,0.0,0.0,0.3333333333333333,0.3333333333333333,0.0,0.0,0.0,0.0,0.0,0.0,0.0,0.0,0.0,0.0,0.0,0.3333333333333333,0.6666666666666666,0.6666666666666666,0.3333333333333333,0.0,0.0,0.6666666666666666,0.0,0.3333333333333333,0.0,0.0,0.0,0.0,0.0,0.0,1.0,0.0,0.0,0.3333333333333333,0.6666666666666666,0.0,0.0,0.0,0.3333333333333333,0.0,0.0,0.0,0.0,0.0,0.0,0.0,0.0,0.0,0.0,0.0,0.0,0.6666666666666666,0.0,0.0,0.3333333333333333,0.3333333333333333,0.3333333333333333,0.6666666666666666,0.0,0.3333333333333333,0.0,0.0,0.0,0.0,0.3333333333333333,0.3333333333333333,0.3333333333333333,0.0,0.0,0.3333333333333333,0.0,0.0,0.3333333333333333,0.0,0.0,0.3333333333333333,0.3333333333333333,0.0,0.0,0.3333333333333333,0.3333333333333333,0.0,0.0,0.3333333333333333,0.0,0.0,0.3333333333333333,0.0,0.0,0.0,0.0,0.0,0.3333333333333333,0.0,0.0,0.0,0.0,0.0,-17,-68.24,25,0,0.0,0,0.0,0.88,0.0,0.12,0.0,25,2,4.0,0.16666666666666666,4.0,36.0,5.041666666666667,121.0,17416.71,729.335625,17504.055,51576.03,14779.503750000002,354708.09,87.345,51576.03,14050.168125000002,337204.03500000003,-515.0,-2130.5,-51132.0,24
0,1,0,0,157500.0,675000.0,36616.5,675000.0,0.026392000000000002,-17821,-6479.0,-1319,1,0,0,0,2.0,2,2,17,0,0,0,0,1,1,0.7158253679169382,0.0,0.0,0.0,0.0,-992.0,1,0,0,0,0,0,0,0,0,0,0,0,0,0.0,0.0,0.0,0.0,2.0,1,0,0,0,1,0,0,0,0,0,1,0,0,0,0,1,0,1,0,0,0,1,0,0,0,1,0,0,0,0,0,0,0,0,0,0,0,0,0,0,0,0,0,0,1,0,0,0,0,0,0,0,0,0,0,0,0,0,0,0,0,0,-1531.0,-706.0,-686.0,0.0,1665684.0,0.0,0.3333333333333333,0.6666666666666666,0.0,0.0,0.0,1.0,0.0,0.0,0.0,0.0,0.0,146245.5,540000.0,303748.5,131620.5,572076.0,316990.5,11,16,14.0,-2746,-550,-1429.333333333333,0.6666666666666666,0.3333333333333333,0.0,0.0,0.0,0.3333333333333333,0.0,0.3333333333333333,0.0,0.3333333333333333,0.0,0.0,0.0,0.0,0.0,0.0,0.0,0.0,0.0,0.3333333333333333,0.6666666666666666,1.0,0.0,0.0,0.0,1.0,0.0,0.0,0.0,0.0,0.0,0.0,0.0,0.0,1.0,0.0,0.3333333333333333,0.3333333333333333,0.3333333333333333,0.0,0.0,0.0,0.0,0.3333333333333333,0.0,0.0,0.0,0.0,0.0,0.0,0.0,0.0,0.0,0.0,0.0,0.6666666666666666,0.0,0.0,0.6666666666666666,0.3333333333333333,0.0,0.3333333333333333,0.3333333333333333,0.3333333333333333,0.0,0.0,0.0,0.0,0.3333333333333333,0.3333333333333333,0.0,0.3333333333333333,0.0,0.0,0.3333333333333333,0.0,0.3333333333333333,0.0,0.0,0.3333333333333333,0.0,0.3333333333333333,0.0,0.3333333333333333,0.3333333333333333,0.0,0.0,0.0,0.3333333333333333,0.0,0.0,0.0,0.0,0.3333333333333333,0.0,0.3333333333333333,0.0,0.0,0.0,0.0,0.0,0.0,-1,-33.28260869565217,46,0,0.0,0,0.0,0.9565217391304348,0.0,0.043478260869565216,0.0,46,2,136.0,3.931034482758621,228.0,38.0,8.103448275862071,470.0,43872.255,9600.958706896552,556855.605,82755.585,32846.24637931035,1905082.2900000003,565.515,82755.585,23245.287672413793,1348226.685,-10.0,-828.4827586206897,-48052.0,58
1,0,0,0,144000.0,1074222.0,31540.5,769500.0,0.035792000000000004,-19926,-9940.0,-3477,1,0,0,0,2.0,2,2,14,0,1,1,0,0,0,0.7633168645764625,0.0,0.0,0.0,0.0,-440.0,1,0,0,0,0,0,0,0,0,0,0,0,0,0.0,0.0,1.0,2.0,2.0,1,0,0,0,0,1,0,0,0,0,1,0,1,0,0,0,0,1,0,0,0,1,0,0,0,0,0,0,1,0,0,0,0,0,0,0,0,0,0,0,0,0,0,0,0,0,0,0,0,0,0,0,0,0,1,0,0,0,0,0,0,0,-2136.5,-800.1666666666665,-753.5,0.0,1054788.3,0.0,0.3333333333333333,0.6666666666666666,0.0,0.0,0.0,0.6666666666666666,0.3333333333333333,0.0,0.0,0.0,0.0,0.0,234000.0,82777.5,0.0,259326.0,90741.75,9,16,11.666666666666664,-2588,-21,-592.5,0.8333333333333334,0.16666666666666666,0.0,0.3333333333333333,0.0,0.5,0.0,0.16666666666666666,0.0,0.0,0.0,0.0,0.0,0.0,0.0,0.0,0.0,0.0,0.0,0.16666666666666666,0.8333333333333334,0.3333333333333333,0.5,0.16666666666666666,0.0,0.5,0.0,0.5,0.0,0.16666666666666666,0.0,0.0,0.0,0.0,0.8333333333333334,0.0,0.0,0.5,0.5,0.0,0.0,0.0,0.0,0.0,0.0,0.0,0.0,0.0,0.0,0.0,0.0,0.0,0.0,0.0,0.0,0.8333333333333334,0.0,0.0,0.3333333333333333,0.16666666666666666,0.5,0.6666666666666666,0.0,0.3333333333333333,0.3333333333333333,0.0,0.0,0.0,0.0,0.5,0.16666666666666666,0.0,0.0,0.0,0.0,0.0,0.16666666666666666,0.0,0.0,0.8333333333333334,0.5,0.0,0.0,0.16666666666666666,0.3333333333333333,0.0,0.0,0.5,0.0,0.0,0.0,0.0,0.0,0.3333333333333333,0.0,0.16666666666666666,0.0,0.0,0.0,0.0,0.0,0.0,-1,-39.4,25,0,0.0,0,0.0,0.96,0.0,0.04,0.0,25,1,0.0,0.0,0.0,18.0,7.583333333333332,182.0,0.0,0.0,0.0,15162.795,10037.803125000006,240907.2750000001,2832.075,15162.795,10037.803125000006,240907.2750000001,-22.0,-1142.1666666666667,-27412.0,24
1,0,0,0,135000.0,540000.0,17550.0,540000.0,0.014519999999999996,-19972,-10729.0,-3440,1,0,0,0,2.0,2,2,9,0,0,0,0,0,0,0.4448421610324279,4.0,0.0,4.0,0.0,0.0,1,0,0,0,0,0,0,0,0,0,0,0,0,0.0,0.0,1.0,0.0,1.0,1,0,0,0,0,1,1,0,0,0,0,0,0,0,0,1,0,1,0,0,0,1,0,0,0,1,0,0,0,0,0,0,0,0,0,0,0,0,0,0,0,0,0,0,0,0,0,0,0,0,0,0,0,0,0,0,0,0,0,0,0,0,-951.0,-302.5,-648.0,0.0,456705.0,0.0,0.25,0.75,0.0,0.0,0.0,0.75,0.25,0.0,0.0,0.0,0.0,34258.5,1354500.0,762919.5,26509.5,1467139.5,824019.0,11,13,12.333333333333336,-1836,-563,-1094.6666666666667,0.6666666666666666,0.3333333333333333,0.0,0.3333333333333333,0.0,0.3333333333333333,0.0,0.0,0.3333333333333333,0.0,0.0,0.0,0.0,0.0,0.0,0.0,0.0,0.0,0.0,0.3333333333333333,0.6666666666666666,1.0,0.0,0.0,0.0,1.0,0.0,0.0,0.0,0.0,0.0,0.0,0.0,0.0,1.0,0.0,0.3333333333333333,0.3333333333333333,0.3333333333333333,0.0,0.0,0.0,0.0,0.0,0.0,0.0,0.0,0.0,0.0,0.0,0.0,0.0,0.3333333333333333,0.0,0.0,0.6666666666666666,0.0,0.0,0.6666666666666666,0.3333333333333333,0.0,0.3333333333333333,0.3333333333333333,0.3333333333333333,0.0,0.0,0.3333333333333333,0.0,0.0,0.3333333333333333,0.3333333333333333,0.0,0.0,0.0,0.3333333333333333,0.0,0.0,0.0,0.0,0.6666666666666666,0.0,0.3333333333333333,0.0,0.6666666666666666,0.0,0.0,0.0,0.0,0.0,0.3333333333333333,0.0,0.0,0.3333333333333333,0.0,0.0,0.0,0.0,0.0,0.3333333333333333,0.0,0.0,0.0,-1,-23.02702702702703,37,0,0.0,0,0.0,0.945945945945946,0.0,0.054054054054054064,0.0,37,2,0.0,0.0,0.0,31.0,7.6764705882352935,261.0,0.0,0.0,0.0,786624.93,63695.07529411767,2165632.5600000005,5358.105,786624.93,63695.07529411767,2165632.5600000005,-53.0,-686.8529411764706,-23353.0,34
0,0,0,0,157500.0,450000.0,22500.0,450000.0,0.003540999999999999,-15687,-4131.0,-4370,1,1,1,0,2.0,1,1,17,0,0,0,0,0,0,0.5313352762757125,1.0,0.0,1.0,0.0,-1383.0,0,0,0,0,0,0,0,0,0,0,0,0,0,0.0,0.0,0.0,0.0,0.0,0,1,0,0,0,1,0,0,0,0,1,0,0,0,1,0,0,1,0,0,0,1,0,0,0,0,0,0,0,0,1,0,0,0,0,0,0,0,0,0,0,0,0,0,0,0,0,0,0,0,0,0,0,0,0,0,0,1,0,0,0,0,-327.3333333333333,1487.666666666667,-25.33333333333333,0.0,2979883.35,0.0,1.0,0.0,0.0,0.0,0.0,0.6666666666666666,0.3333333333333333,0.0,0.0,0.0,0.0,22459.23,166811.85,63939.92999999999,26590.5,185683.5,67914.75,9,12,10.166666666666666,-1816,-283,-916.8333333333335,0.0,1.0,0.0,0.0,0.0,0.16666666666666666,0.5,0.0,0.0,0.3333333333333333,0.0,0.0,0.0,0.0,0.0,0.0,0.0,0.0,0.0,1.0,0.0,0.6666666666666666,0.0,0.16666666666666666,0.16666666666666666,0.8333333333333334,0.0,0.16666666666666666,0.16666666666666666,0.16666666666666666,0.0,0.0,0.0,0.0,0.6666666666666666,0.0,0.0,0.16666666666666666,0.8333333333333334,0.0,0.0,0.0,0.0,0.3333333333333333,0.0,0.0,0.0,0.0,0.0,0.0,0.0,0.0,0.5,0.16666666666666666,0.0,0.0,0.0,0.0,0.0,1.0,0.0,1.0,0.0,0.0,0.0,0.0,0.0,0.0,1.0,0.0,0.0,0.0,0.0,0.0,0.8333333333333334,0.0,0.16666666666666666,0.0,0.0,0.0,0.0,0.6666666666666666,0.0,0.16666666666666666,0.16666666666666666,0.0,0.0,0.0,0.0,0.0,0.0,0.0,0.0,0.0,0.16666666666666666,0.0,0.0,0.0,0.6666666666666666,0.16666666666666666,0.0,0.0,-7,-30.568627450980397,51,0,0.0,0,0.0,0.9215686274509804,0.0,0.0784313725490196,0.0,51,2,0.0,0.0,0.0,43.0,21.510638297872337,1011.0,0.0,0.0,0.0,22042.845,8161.695000000002,383599.6650000001,3354.345,22042.845,8161.695000000002,383599.6650000001,-202.0,-912.531914893617,-42889.0,47
1,1,1,0,117000.0,495000.0,19759.5,495000.0,0.026392000000000002,-20894,-9280.0,-4434,0,0,0,0,1.0,2,2,14,0,0,0,0,0,0,0.6948993308297655,0.0,0.0,0.0,0.0,-394.0,1,0,0,0,0,0,0,0,0,0,0,0,0,0.0,0.0,3.0,0.0,2.0,1,0,0,0,0,1,0,1,0,0,0,0,0,0,0,1,0,0,1,0,0,1,0,0,1,0,0,0,0,0,0,0,0,0,0,0,0,0,0,0,0,0,0,0,0,0,0,0,0,0,0,0,0,0,0,0,0,0,0,0,0,1,-2088.4,5041.0,-1025.6,0.0,565113.15,0.0,0.2,0.8,0.0,0.0,0.0,0.8,0.2,0.0,0.0,0.0,0.0,0.0,67500.0,39563.1,22311.0,135000.0,69050.7,9,16,11.4,-2324,-213,-830.4,0.2,0.6,0.2,0.2,0.0,0.0,0.0,0.4,0.4,0.0,0.0,0.0,0.0,0.0,0.0,0.0,0.0,0.0,0.0,0.8,0.2,1.0,0.0,0.0,0.0,0.8,0.0,0.2,0.0,0.0,0.0,0.0,0.0,0.0,1.0,0.0,0.0,0.4,0.6,0.0,0.0,0.0,0.0,0.0,0.0,0.4,0.0,0.0,0.0,0.0,0.0,0.0,0.2,0.0,0.0,0.4,0.2,0.0,0.2,0.6,0.0,0.6,0.0,0.4,0.0,0.0,0.0,0.0,0.4,0.4,0.0,0.2,0.0,0.0,0.2,0.0,0.4,0.0,0.0,0.4,0.2,0.2,0.0,0.4,0.2,0.0,0.2,0.0,0.0,0.0,0.0,0.0,0.0,0.2,0.4,0.0,0.0,0.0,0.2,0.0,0.0,0.0,-1,-24.348837209302324,43,0,0.0,0,0.0,0.9302325581395348,0.0,0.06976744186046513,0.0,43,5,2.0,0.030303030303030307,2.0,45.0,14.348484848484848,947.0,5342.4000000000015,-264.04159090909087,-17426.745,17426.745,5934.5311363636365,391679.055,9.855,22779.0,6198.572727272727,409105.8,-29.0,-556.0,-36696.0,66
0,0,0,0,157500.0,715095.0,50985.0,675000.0,0.00702,-23836,-630.0,-4669,0,0,0,0,2.0,2,2,12,0,0,0,0,0,0,0.4805604727099784,9.0,0.0,9.0,0.0,-476.0,0,0,0,1,0,0,0,0,0,0,0,0,0,0.0,0.0,0.0,0.0,1.0,1,0,0,0,0,0,0,1,0,0,0,0,0,0,0,1,0,1,0,0,0,0,1,0,1,0,0,0,0,0,0,0,0,0,0,0,0,0,0,0,0,0,0,0,0,0,0,0,0,0,0,0,0,0,0,0,0,0,0,0,0,1,-2087.5,-1846.0,-1400.5,0.0,102213.0,0.0,0.0,1.0,0.0,0.0,0.0,1.0,0.0,0.0,0.0,0.0,0.0,675000.0,675000.0,675000.0,767664.0,767664.0,767664.0,15,15,15.0,-476,-476,-476.0,1.0,0.0,0.0,1.0,0.0,0.0,0.0,0.0,0.0,0.0,0.0,0.0,0.0,0.0,0.0,0.0,1.0,0.0,0.0,0.0,0.0,1.0,0.0,0.0,0.0,1.0,0.0,0.0,0.0,0.0,0.0,0.0,0.0,0.0,1.0,0.0,1.0,0.0,0.0,0.0,0.0,0.0,0.0,0.0,0.0,0.0,0.0,0.0,0.0,0.0,0.0,0.0,0.0,0.0,0.0,1.0,0.0,0.0,1.0,0.0,0.0,0.0,1.0,0.0,0.0,0.0,0.0,0.0,0.0,1.0,0.0,0.0,0.0,0.0,0.0,0.0,0.0,0.0,0.0,1.0,0.0,0.0,0.0,0.0,1.0,0.0,0.0,0.0,0.0,0.0,1.0,0.0,0.0,0.0,0.0,0.0,0.0,0.0,0.0,0.0,0.0,0.0,-7,-11.5,10,0,0.0,0,0.0,0.9,0.0,0.1,0.0,10,2,2.0,0.3333333333333333,3.0,29.0,9.333333333333334,84.0,36387.09,4163.295,37469.655,756698.625,117383.985,1056455.865,1082.565,756698.625,113220.69,1018986.21,-262.0,-355.0,-3195.0,9
0,1,0,0,112500.0,103500.0,8428.5,103500.0,0.026392000000000002,-10155,-9313.0,-2642,1,0,1,0,1.0,2,2,9,0,0,0,0,0,0,0.5972915674145626,0.0,0.0,0.0,0.0,-561.0,1,0,0,0,0,0,0,0,0,0,0,0,0,0.0,0.0,4.0,0.0,1.0,1,0,0,0,0,1,0,0,0,0,1,0,1,0,0,0,0,0,0,1,0,1,0,0,0,1,0,0,0,0,0,0,0,0,0,0,0,0,0,0,0,0,0,0,0,0,0,0,0,0,0,0,0,0,0,0,0,0,0,0,0,0,-1297.0,-1114.0,-1063.0,0.0,22500.0,0.0,0.0,1.0,0.0,0.0,0.0,1.0,0.0,0.0,0.0,0.0,0.0,67360.5,85859.91,76610.205,67360.5,85855.5,76608.0,12,19,15.5,-561,-62,-311.5,0.0,1.0,0.0,0.0,0.0,0.0,0.5,0.0,0.5,0.0,0.0,0.0,0.0,0.0,0.0,0.0,0.0,0.0,0.0,1.0,0.0,1.0,0.0,0.0,0.0,1.0,0.0,0.0,0.0,0.0,0.0,0.0,0.0,0.0,1.0,0.0,0.5,0.0,0.5,0.0,0.0,0.5,0.0,0.0,0.0,0.0,0.0,0.0,0.0,0.0,0.0,0.0,0.5,0.0,0.0,0.0,0.0,0.0,0.0,1.0,0.0,1.0,0.0,0.0,0.0,0.0,0.0,0.0,1.0,0.0,0.0,0.0,0.0,0.0,0.5,0.0,0.5,0.0,0.0,0.0,0.0,0.5,0.0,0.5,0.0,0.0,0.0,0.0,0.0,0.0,0.0,0.0,0.0,0.0,0.5,0.0,0.0,0.0,0.5,0.0,0.0,0.0,-1,-11.214285714285712,14,0,0.0,0,0.0,0.9285714285714286,0.0,0.07142857142857142,0.0,14,2,8.0,0.8666666666666667,13.0,33.0,7.066666666666666,106.0,7754.94,1068.498,16027.47,8013.735,7506.144,112592.16,258.795,8013.735,6437.646,96564.69,-178.0,-364.86666666666673,-5473.0,15
1,0,0,0,180000.0,1223010.0,51948.0,1125000.0,0.018634,-17297,-6320.0,-822,1,1,1,0,2.0,2,2,11,0,0,0,0,0,0,0.7302475900762719,0.0,0.0,0.0,0.0,-667.0,1,0,0,0,0,0,0,0,0,0,0,0,0,0.0,0.0,0.0,0.0,1.0,1,0,0,1,0,0,0,0,0,0,1,0,0,0,0,1,0,1,0,0,0,1,0,0,0,1,0,0,0,0,0,0,0,0,0,1,0,0,0,0,0,0,0,0,0,0,0,0,0,0,0,0,0,0,0,0,0,0,0,0,0,0,-1165.5,-785.0,-891.0,0.0,342895.5,0.0,0.0,1.0,0.0,0.0,0.0,1.0,0.0,0.0,0.0,0.0,0.0,906885.0,906885.0,906885.0,920385.0,920385.0,920385.0,12,12,12.0,-503,-503,-503.0,0.0,1.0,0.0,0.0,0.0,0.0,0.0,0.0,1.0,0.0,0.0,0.0,0.0,0.0,0.0,0.0,0.0,0.0,0.0,1.0,0.0,1.0,0.0,0.0,0.0,1.0,0.0,0.0,0.0,0.0,0.0,0.0,0.0,0.0,1.0,0.0,1.0,0.0,0.0,0.0,0.0,0.0,0.0,0.0,0.0,0.0,0.0,0.0,0.0,1.0,0.0,0.0,0.0,0.0,0.0,0.0,0.0,0.0,0.0,1.0,0.0,1.0,0.0,0.0,0.0,0.0,0.0,0.0,0.0,0.0,0.0,1.0,0.0,0.0,0.0,0.0,0.0,1.0,0.0,0.0,0.0,0.0,0.0,1.0,0.0,0.0,0.0,0.0,0.0,0.0,0.0,0.0,0.0,0.0,0.0,0.0,1.0,0.0,0.0,0.0,0.0,0.0,-8,-12.5,10,0,0.0,0,0.0,0.9,0.0,0.1,0.0,10,2,0.0,0.0,0.0,13.0,5.888888888888888,53.0,0.0,0.0,0.0,667885.32,116481.76,1048335.84,47556.315,667885.32,116481.76,1048335.84,-245.0,-357.88888888888886,-3221.0,9
1,0,1,0,112500.0,508495.5,20164.5,454500.0,0.006670999999999999,-19736,-4152.0,-3253,1,1,1,0,2.0,2,2,12,0,0,0,0,1,1,0.6894620915371751,1.0,0.0,1.0,0.0,-1524.0,1,0,0,0,0,0,0,0,0,0,0,0,0,0.0,0.0,0.0,0.0,2.0,1,0,0,0,0,1,0,0,0,0,1,0,0,0,0,1,0,1,0,0,0,1,0,0,0,1,0,0,0,0,0,0,0,0,0,1,0,0,0,0,0,0,0,0,0,0,0,0,0,0,0,0,0,0,0,0,0,0,0,0,0,0,-1066.5,-586.5,-701.125,0.0,1821784.5,0.0,0.25,0.75,0.0,0.0,0.0,1.0,0.0,0.0,0.0,0.0,0.0,53910.0,73350.0,62865.0,53910.0,66465.0,61827.0,15,17,16.333333333333332,-1834,-673,-1343.6666666666667,0.0,1.0,0.0,0.3333333333333333,0.0,0.0,0.0,0.0,0.3333333333333333,0.3333333333333333,0.0,0.0,0.0,0.0,0.0,0.0,0.0,0.0,0.0,1.0,0.0,1.0,0.0,0.0,0.0,0.6666666666666666,0.0,0.3333333333333333,0.0,0.0,0.0,0.0,0.0,0.0,1.0,0.0,0.3333333333333333,0.0,0.6666666666666666,0.0,0.0,0.0,0.0,0.0,0.0,0.0,0.0,0.0,0.0,0.6666666666666666,0.0,0.0,0.3333333333333333,0.0,0.0,0.0,0.0,0.0,0.0,1.0,0.0,1.0,0.0,0.0,0.0,0.0,0.0,0.0,0.0,0.0,0.0,1.0,0.0,0.0,0.3333333333333333,0.0,0.6666666666666666,0.0,0.0,0.0,0.0,0.3333333333333333,0.0,0.0,0.6666666666666666,0.0,0.0,0.0,0.0,0.0,0.0,0.0,0.0,0.0,0.6666666666666666,0.0,0.0,0.0,0.3333333333333333,0.0,0.0,0.0,-10,-36.09375,32,0,0.0,0,0.0,0.90625,0.0,0.09375,0.0,32,1,5.0,0.9642857142857144,27.0,16.0,7.4642857142857135,209.0,0.0,0.0,0.0,13292.91,8081.509821428571,226282.275,6186.51,13292.91,8081.509821428571,226282.275,-306.0,-1060.642857142857,-29698.0,28
1,0,0,1,148500.0,85500.0,10273.5,85500.0,0.0060079999999999995,-12459,-1378.0,-4760,1,0,0,0,2.0,2,2,13,0,0,0,0,0,0,0.6561425439005831,0.0,0.0,0.0,0.0,0.0,1,0,0,0,0,0,0,0,0,0,0,0,0,0.0,0.0,0.0,0.0,2.0,1,0,0,0,0,1,0,0,0,0,1,0,0,0,0,1,0,0,1,0,0,1,0,0,0,0,0,0,0,1,0,0,0,0,1,0,0,0,0,0,0,0,0,0,0,0,0,0,0,0,0,0,0,0,0,0,0,0,0,0,0,0,-1656.2307692307693,-1007.8461538461537,-1200.923076923077,0.0,1289156.49,0.0,0.2307692307692308,0.7692307692307693,0.0,0.0,0.0,0.7692307692307693,0.2307692307692308,0.0,0.0,0.0,0.0,24849.0,71055.0,47952.0,26077.5,78556.5,52317.0,11,17,14.0,-2692,-165,-1428.5,0.0,1.0,0.0,1.0,0.0,0.0,0.0,0.0,0.0,0.0,0.0,0.0,0.0,0.0,0.0,0.0,0.0,0.0,0.0,1.0,0.0,1.0,0.0,0.0,0.0,1.0,0.0,0.0,0.0,0.0,0.0,0.0,0.0,0.0,1.0,0.0,0.0,0.0,1.0,0.0,0.0,0.5,0.0,0.0,0.0,0.0,0.0,0.0,0.0,0.0,0.0,0.0,0.5,0.0,0.0,0.0,0.0,0.0,0.0,1.0,0.0,1.0,0.0,0.0,0.0,0.0,0.0,0.0,0.5,0.0,0.5,0.0,0.0,0.0,0.5,0.0,0.5,0.0,0.0,0.0,0.0,0.5,0.0,0.0,0.5,0.0,0.0,0.0,0.0,0.0,0.0,0.0,0.0,0.0,0.0,0.0,0.0,0.0,1.0,0.0,0.0,0.0,-1,-44.5,10,0,0.0,0,0.0,0.9,0.0,0.1,0.0,10,3,26.0,0.2432432432432433,27.0,52.0,6.612612612612613,734.0,0.0,0.0,0.0,127935.0,6423.247297297289,712980.449999999,270.36,127935.0,6423.247297297289,712980.449999999,-21.0,-1501.5045045045044,-166667.0,111
1,1,0,0,112500.0,1035072.0,30393.0,864000.0,0.020713,-18688,-12715.0,-2242,1,0,0,0,2.0,3,2,11,0,0,0,0,0,0,0.1788075745823939,4.0,0.0,4.0,0.0,-1520.0,1,0,0,0,0,0,0,0,0,0,0,0,0,0.0,0.0,0.0,0.0,0.0,1,0,0,0,0,1,0,0,0,0,1,0,0,0,0,1,0,1,0,0,0,1,0,0,1,0,0,0,0,0,0,0,0,0,0,0,0,0,0,0,0,0,0,0,0,0,0,0,0,0,0,0,1,0,0,0,0,0,0,0,0,0,-1534.0,-803.0,-1200.0,0.0,225000.0,0.0,0.0,1.0,0.0,0.0,0.0,1.0,0.0,0.0,0.0,0.0,0.0,198405.0,384750.0,261414.0,177745.5,384750.0,253500.3,9,14,11.0,-2406,-347,-1733.2,0.0,1.0,0.0,0.0,0.2,0.0,0.6,0.0,0.0,0.2,0.0,0.0,0.0,0.0,0.0,0.0,0.0,0.0,0.0,1.0,0.0,0.6,0.0,0.4,0.0,1.0,0.0,0.0,0.0,0.0,0.0,0.4,0.0,0.0,0.6,0.0,0.6,0.2,0.2,0.0,0.0,0.0,0.2,0.0,0.0,0.2,0.0,0.0,0.0,0.6,0.0,0.0,0.0,0.0,0.0,0.0,0.0,0.0,0.0,1.0,0.0,1.0,0.0,0.0,0.0,0.0,0.0,0.0,0.0,0.0,0.2,0.8,0.0,0.2,0.0,0.0,0.2,0.6,0.0,0.0,0.0,0.0,0.0,0.0,1.0,0.0,0.0,0.0,0.0,0.0,0.0,0.0,0.0,0.0,0.2,0.0,0.8,0.0,0.0,0.0,0.0,0.0,-1,-36.285714285714285,35,0,0.0,0,0.0,1.0,0.0,0.0,0.0,35,2,15.0,0.42857142857142855,15.0,20.0,12.342857142857143,432.0,37858.5,1081.6971428571428,37859.4,37859.4,30743.98714285715,1076039.5500000005,0.9,37859.4,29662.290000000008,1038180.1500000005,-32.0,-1103.3714285714286,-38618.0,35
